BLE,1668945604268503128,41:72:75:AF:8A:8B,-104
BLE,1668945605418829138,41:72:75:AF:8A:8B,-103
BLE,1668945609715374401,41:72:75:AF:8A:8B,-105
BLE,1668945612571554280,41:72:75:AF:8A:8B,-101
BLE,1668945612861445737,41:72:75:AF:8A:8B,-102
BLE,1668945614010198549,41:72:75:AF:8A:8B,-103
BLE,1668945619161736399,41:72:75:AF:8A:8B,-103
BLE,1668945619729007183,41:72:75:AF:8A:8B,-101
BLE,1668945621729276897,41:72:75:AF:8A:8B,-102
BLE,1668945624880571742,41:72:75:AF:8A:8B,-104
BLE,1668945626591663244,41:72:75:AF:8A:8B,-101
BLE,1668945632618943843,41:72:75:AF:8A:8B,-100
BLE,1668945635429951883,41:72:75:AF:8A:8B,-103
BLE,1668945639146228527,41:72:75:AF:8A:8B,-104
BLE,1668945640585659832,41:72:75:AF:8A:8B,-101
BLE,1668945640875464956,41:72:75:AF:8A:8B,-105
BLE,1668945652038812545,41:72:75:AF:8A:8B,-104
BLE,1668945654015850781,41:72:75:AF:8A:8B,-101
BLE,1668945662926806085,41:72:75:AF:8A:8B,-101
BLE,1668945665202818428,41:72:75:AF:8A:8B,-100
BLE,1668945670648351751,41:72:75:AF:8A:8B,-101
BLE,1668945670939141327,41:72:75:AF:8A:8B,-102
BLE,1668945674087105151,41:72:75:AF:8A:8B,-102
BLE,1668945678384296534,41:72:75:AF:8A:8B,-106
BLE,1668945682393475407,41:72:75:AF:8A:8B,-107
BLE,1668945682684499773,41:72:75:AF:8A:8B,-103
BLE,1668945684123241583,41:72:75:AF:8A:8B,-102
BLE,1668945689546853961,41:72:75:AF:8A:8B,-102
BLE,1668945689837117791,41:72:75:AF:8A:8B,-103
BLE,1668945693574346218,41:72:75:AF:8A:8B,-101
BLE,1668945695578670281,41:72:75:AF:8A:8B,-104
BLE,1668945697868844785,41:72:75:AF:8A:8B,-103
BLE,1668945699578795086,41:72:75:AF:8A:8B,-104
BLE,1668945702732559457,41:72:75:AF:8A:8B,-100
BLE,1668945703586132429,41:72:75:AF:8A:8B,-101
BLE,1668945704438628783,41:72:75:AF:8A:8B,-102
BLE,1668945705882015688,41:72:75:AF:8A:8B,-91
BLE,1668945707026866484,41:72:75:AF:8A:8B,-102
BLE,1668945712741467020,41:72:75:AF:8A:8B,-106
BLE,1668945720486672536,41:72:75:AF:8A:8B,-99
BLE,1668945724466529845,41:72:75:AF:8A:8B,-106
BLE,1668945731078788032,41:72:75:AF:8A:8B,-103
BLE,1668945732766625598,41:72:75:AF:8A:8B,-102
BLE,1668945733919062721,41:72:75:AF:8A:8B,-100
BLE,1668945738486577601,41:72:75:AF:8A:8B,-105
BLE,1668945739922294472,41:72:75:AF:8A:8B,-102
BLE,1668945742514295065,41:72:75:AF:8A:8B,-99
BLE,1668945751694844037,41:72:75:AF:8A:8B,-100
BLE,1668945754821731078,41:72:75:AF:8A:8B,-102
BLE,1668945755110272127,41:72:75:AF:8A:8B,-103
BLE,1668945755677936075,41:72:75:AF:8A:8B,-101
BLE,1668945760266389448,41:72:75:AF:8A:8B,-103
BLE,1668945767466775788,41:72:75:AF:8A:8B,-102
BLE,1668945769150578255,41:72:75:AF:8A:8B,-101
BLE,1668945772300818273,41:72:75:AF:8A:8B,-103
BLE,1668945774890266633,41:72:75:AF:8A:8B,-105
BLE,1668945777457674340,41:72:75:AF:8A:8B,-103
BLE,1668945780311541650,41:72:75:AF:8A:8B,-101
BLE,1668945784610899937,41:72:75:AF:8A:8B,-101
BLE,1668945786907837106,41:72:75:AF:8A:8B,-103
BLE,1668945790057208879,41:72:75:AF:8A:8B,-101
BLE,1668945791204701074,41:72:75:AF:8A:8B,-101
BLE,1668945792349982742,41:72:75:AF:8A:8B,-101
BLE,1668945806094664074,41:72:75:AF:8A:8B,-101
BLE,1668945808078678266,41:72:75:AF:8A:8B,-102
BLE,1668945809498527862,41:72:75:AF:8A:8B,-104
BLE,1668945811229973986,41:72:75:AF:8A:8B,-101
BLE,1668945812375980190,41:72:75:AF:8A:8B,-101
BLE,1668945818406782350,41:72:75:AF:8A:8B,-103
BLE,1668945820383764378,41:72:75:AF:8A:8B,-103
BLE,1668945820949191715,41:72:75:AF:8A:8B,-101
BLE,1668945821807371617,41:72:75:AF:8A:8B,-105
BLE,1668945824100026230,41:72:75:AF:8A:8B,-100
BLE,1668945824957478011,41:72:75:AF:8A:8B,-102
BLE,1668945825247383842,41:72:75:AF:8A:8B,-103
BLE,1668945825538664249,41:72:75:AF:8A:8B,-100
BLE,1668945826396291028,41:72:75:AF:8A:8B,-105
BLE,1668945826686350817,41:72:75:AF:8A:8B,-91
BLE,1668945828690168634,41:72:75:AF:8A:8B,-104
BLE,1668945834428810809,41:72:75:AF:8A:8B,-102
BLE,1668945836136303043,41:72:75:AF:8A:8B,-102
BLE,1668945836427372826,41:72:75:AF:8A:8B,-104
BLE,1668945841876524375,41:72:75:AF:8A:8B,-103
BLE,1668945842728882813,41:72:75:AF:8A:8B,-105
BLE,1668945844735206489,41:72:75:AF:8A:8B,-101
BLE,1668945846441346939,41:72:75:AF:8A:8B,-105
BLE,1668945850156048593,41:72:75:AF:8A:8B,-102
BLE,1668945851300157601,41:72:75:AF:8A:8B,-102
BLE,1668945854747739695,41:72:75:AF:8A:8B,-104
BLE,1668945856183958188,41:72:75:AF:8A:8B,-104
BLE,1668945862510756015,41:72:75:AF:8A:8B,-103
BLE,1668945862776322459,41:72:75:AF:8A:8B,-107
BLE,1668945871954778154,41:72:75:AF:8A:8B,-100
BLE,1668945881650842697,41:72:75:AF:8A:8B,-103
BLE,1668945882487389318,41:72:75:AF:8A:8B,-104
BLE,1668945891082814036,41:72:75:AF:8A:8B,-102
BLE,1668945894212062395,41:72:75:AF:8A:8B,-103
BLE,1668945896799589809,41:72:75:AF:8A:8B,-102
BLE,1668945899365695608,41:72:75:AF:8A:8B,-99
BLE,1668945899656838765,41:72:75:AF:8A:8B,-102
BLE,1668945907394756702,41:72:75:AF:8A:8B,-101
BLE,1668945909080760322,41:72:75:AF:8A:8B,-104
BLE,1668945909941475249,41:72:75:AF:8A:8B,-105
BLE,1668945910796376212,41:72:75:AF:8A:8B,-102
BLE,1668945911085750131,41:72:75:AF:8A:8B,-102
BLE,1668945912505243979,41:72:75:AF:8A:8B,-102
BLE,1668945918530782672,41:72:75:AF:8A:8B,-103
BLE,1668945919076550384,41:72:75:AF:8A:8B,-103
BLE,1668945925118867846,41:72:75:AF:8A:8B,-101
BLE,1668945929356021067,41:72:75:AF:8A:8B,-101
BLE,1668945931921037415,41:72:75:AF:8A:8B,-101
BLE,1668945933924676357,41:72:75:AF:8A:8B,-102
BLE,1668945934506894464,41:72:75:AF:8A:8B,-99
BLE,1668945941666788685,41:72:75:AF:8A:8B,-100
BLE,1668945942497140929,41:72:75:AF:8A:8B,-105
BLE,1668945943916112239,41:72:75:AF:8A:8B,-101
BLE,1668945951382809601,41:72:75:AF:8A:8B,-103
BLE,1668945953366988000,41:72:75:AF:8A:8B,-107
BLE,1668945954217313868,41:72:75:AF:8A:8B,-103
BLE,1668945959663968392,41:72:75:AF:8A:8B,-106
BLE,1668945962252187801,41:72:75:AF:8A:8B,-103
BLE,1668945967112762868,41:72:75:AF:8A:8B,-101
BLE,1668945969406518474,41:72:75:AF:8A:8B,-100
BLE,1668945974832715211,41:72:75:AF:8A:8B,-102
BLE,1668945977125338241,41:72:75:AF:8A:8B,-105
BLE,1668945981985992766,41:72:75:AF:8A:8B,-102
BLE,1668945982275254893,41:72:75:AF:8A:8B,-103
BLE,1668945987994242860,41:72:75:AF:8A:8B,-103
BLE,1668945989139216487,41:72:75:AF:8A:8B,-103
BLE,1668945993414825049,41:72:75:AF:8A:8B,-101
BLE,1668945998008625638,41:72:75:AF:8A:8B,-101
BLE,1668945999714865088,41:72:75:AF:8A:8B,-100
BLE,1668946001719421274,41:72:75:AF:8A:8B,-100
BLE,1668946003428017918,41:72:75:AF:8A:8B,-104
BLE,1668946007165100888,41:72:75:AF:8A:8B,-103
BLE,1668946010874271034,41:72:75:AF:8A:8B,-100
BLE,1668946012587979271,41:72:75:AF:8A:8B,-100
BLE,1668946013443151191,41:72:75:AF:8A:8B,-101
BLE,1668946014295441421,41:72:75:AF:8A:8B,-103
BLE,1668946015152642829,41:72:75:AF:8A:8B,-102
BLE,1668946020304458135,41:72:75:AF:8A:8B,-105
BLE,1668946021159277183,41:72:75:AF:8A:8B,-100
BLE,1668946025749457045,41:72:75:AF:8A:8B,-99
BLE,1668946032070730033,41:72:75:AF:8A:8B,-101
BLE,1668946032904331798,41:72:75:AF:8A:8B,-102
BLE,1668946040622796025,41:72:75:AF:8A:8B,-102
BLE,1668946041744539800,41:72:75:AF:8A:8B,-102
BLE,1668946045752316265,41:72:75:AF:8A:8B,-105
BLE,1668946048608615060,41:72:75:AF:8A:8B,-101
BLE,1668946049464865140,41:72:75:AF:8A:8B,-104
BLE,1668946052030614858,41:72:75:AF:8A:8B,-101
BLE,1668946052881713929,41:72:75:AF:8A:8B,-101
BLE,1668946053741897651,41:72:75:AF:8A:8B,-106
BLE,1668946054029694704,41:72:75:AF:8A:8B,-106
BLE,1668946054596658282,41:72:75:AF:8A:8B,-101
BLE,1668946057476172306,41:72:75:AF:8A:8B,-100
BLE,1668946061212441614,41:72:75:AF:8A:8B,-101
BLE,1668946064360052357,41:72:75:AF:8A:8B,-102
BLE,1668946066949272176,41:72:75:AF:8A:8B,-102
BLE,1668946069513080656,41:72:75:AF:8A:8B,-102
BLE,1668946071224257783,41:72:75:AF:8A:8B,-105
BLE,1668946075225166459,41:72:75:AF:8A:8B,-105
BLE,1668946076083862523,41:72:75:AF:8A:8B,-106
BLE,1668946076374197061,41:72:75:AF:8A:8B,-101
BLE,1668946082718759401,41:72:75:AF:8A:8B,-104
BLE,1668946088705876171,41:72:75:AF:8A:8B,-104
BLE,1668946097322763003,41:72:75:AF:8A:8B,-102
BLE,1668946106170760164,41:72:75:AF:8A:8B,-105
BLE,1668946107293042477,41:72:75:AF:8A:8B,-103
BLE,1668946111861538017,41:72:75:AF:8A:8B,-105
BLE,1668946124438799323,41:72:75:AF:8A:8B,-103
BLE,1668946126415067939,41:72:75:AF:8A:8B,-101
BLE,1668946129005515333,41:72:75:AF:8A:8B,-102
BLE,1668946135058724476,41:72:75:AF:8A:8B,-106
BLE,1668946140773272013,41:72:75:AF:8A:8B,-101
BLE,1668946145066557921,41:72:75:AF:8A:8B,-107
BLE,1668946147363347133,41:72:75:AF:8A:8B,-101
BLE,1668946156254852435,41:72:75:AF:8A:8B,-102
BLE,1668946157671003763,41:72:75:AF:8A:8B,-102
BLE,1668946159381025355,41:72:75:AF:8A:8B,-102
BLE,1668946161382299521,41:72:75:AF:8A:8B,-105
BLE,1668946162527243149,41:72:75:AF:8A:8B,-101
BLE,1668946163676069752,41:72:75:AF:8A:8B,-102
BLE,1668946165678979574,41:72:75:AF:8A:8B,-98
BLE,1668946172838793671,41:72:75:AF:8A:8B,-102
BLE,1668946178008717280,49:95:E9:FC:8B:1D,-105
BLE,1668946182014397925,49:95:E9:FC:8B:1D,-101
BLE,1668946183458685699,49:95:E9:FC:8B:1D,-102
BLE,1668946184041285637,49:95:E9:FC:8B:1D,-102
BLE,1668946184896123309,49:95:E9:FC:8B:1D,-101
BLE,1668946189194465185,49:95:E9:FC:8B:1D,-100
BLE,1668946196390811717,49:95:E9:FC:8B:1D,-102
BLE,1668946203546550256,49:95:E9:FC:8B:1D,-101
BLE,1668946206088826873,49:95:E9:FC:8B:1D,-104
BLE,1668946206948873887,49:95:E9:FC:8B:1D,-103
BLE,1668946210116354171,49:95:E9:FC:8B:1D,-102
BLE,1668946217274779318,49:95:E9:FC:8B:1D,-105
BLE,1668946218671501894,49:95:E9:FC:8B:1D,-99
BLE,1668946218958747201,49:95:E9:FC:8B:1D,-105
BLE,1668946219813974787,49:95:E9:FC:8B:1D,-104
BLE,1668946222403569146,49:95:E9:FC:8B:1D,-102
BLE,1668946223262114128,49:95:E9:FC:8B:1D,-104
BLE,1668946224698628619,49:95:E9:FC:8B:1D,-104
BLE,1668946226994229838,49:95:E9:FC:8B:1D,-101
BLE,1668946232437453551,49:95:E9:FC:8B:1D,-102
BLE,1668946234146750439,49:95:E9:FC:8B:1D,-106
BLE,1668946235003373725,49:95:E9:FC:8B:1D,-103
BLE,1668946237008190619,49:95:E9:FC:8B:1D,-103
BLE,1668946239009353910,49:95:E9:FC:8B:1D,-105
BLE,1668946242161692790,49:95:E9:FC:8B:1D,-105
BLE,1668946242452242284,49:95:E9:FC:8B:1D,-103
BLE,1668946243598070406,49:95:E9:FC:8B:1D,-102
BLE,1668946247899269097,49:95:E9:FC:8B:1D,-101
BLE,1668946248480499835,49:95:E9:FC:8B:1D,-103
BLE,1668946252196808812,49:95:E9:FC:8B:1D,-101
BLE,1668946252486068939,49:95:E9:FC:8B:1D,-102
BLE,1668946254489443217,49:95:E9:FC:8B:1D,-102
BLE,1668946254779230341,49:95:E9:FC:8B:1D,-105
BLE,1668946257369484820,49:95:E9:FC:8B:1D,-100
BLE,1668946259665755077,49:95:E9:FC:8B:1D,-100
BLE,1668946260519503673,49:95:E9:FC:8B:1D,-102
BLE,1668946261375618712,49:95:E9:FC:8B:1D,-104
BLE,1668946263380108857,49:95:E9:FC:8B:1D,-105
BLE,1668946266823423104,49:95:E9:FC:8B:1D,-99
BLE,1668946267968394273,49:95:E9:FC:8B:1D,-103
BLE,1668946268259427889,49:95:E9:FC:8B:1D,-103
BLE,1668946276582813829,49:95:E9:FC:8B:1D,-102
BLE,1668946279151634819,49:95:E9:FC:8B:1D,-100
BLE,1668946280858360099,49:95:E9:FC:8B:1D,-107
BLE,1668946283428455748,49:95:E9:FC:8B:1D,-104
BLE,1668946283715679096,49:95:E9:FC:8B:1D,-103
BLE,1668946284571932927,49:95:E9:FC:8B:1D,-106
BLE,1668946288287931780,49:95:E9:FC:8B:1D,-103
BLE,1668946291144309283,49:95:E9:FC:8B:1D,-105
BLE,1668946294855952414,49:95:E9:FC:8B:1D,-101
BLE,1668946298295995223,49:95:E9:FC:8B:1D,-104
BLE,1668946303136804707,49:95:E9:FC:8B:1D,-103
BLE,1668946304280942923,49:95:E9:FC:8B:1D,-106
BLE,1668946305432309719,49:95:E9:FC:8B:1D,-106
BLE,1668946307433872299,49:95:E9:FC:8B:1D,-102
BLE,1668946311731297097,49:95:E9:FC:8B:1D,-104
BLE,1668946314882599901,49:95:E9:FC:8B:1D,-102
BLE,1668946315172378608,49:95:E9:FC:8B:1D,-99
BLE,1668946315737401490,49:95:E9:FC:8B:1D,-100
BLE,1668946318301373886,49:95:E9:FC:8B:1D,-100
BLE,1668946319156357599,49:95:E9:FC:8B:1D,-100
BLE,1668946325186765636,49:95:E9:FC:8B:1D,-105
BLE,1668946328024589257,49:95:E9:FC:8B:1D,-102
BLE,1668946328314336214,49:95:E9:FC:8B:1D,-102
BLE,1668946330901542629,49:95:E9:FC:8B:1D,-102
BLE,1668946334323903050,49:95:E9:FC:8B:1D,-102
BLE,1668946334614554169,49:95:E9:FC:8B:1D,-104
BLE,1668946337203941362,49:95:E9:FC:8B:1D,-103
BLE,1668946338914622950,49:95:E9:FC:8B:1D,-103
BLE,1668946348114661508,49:95:E9:FC:8B:1D,-103
BLE,1668946349799004221,49:95:E9:FC:8B:1D,-103
BLE,1668946350655432509,49:95:E9:FC:8B:1D,-102
BLE,1668946352932913218,49:95:E9:FC:8B:1D,-103
BLE,1668946353787928389,49:95:E9:FC:8B:1D,-103
BLE,1668946354931707399,49:95:E9:FC:8B:1D,-104
BLE,1668946356079150386,49:95:E9:FC:8B:1D,-102
BLE,1668946358079333892,49:95:E9:FC:8B:1D,-104
BLE,1668946359793102711,49:95:E9:FC:8B:1D,-99
BLE,1668946364358116357,49:95:E9:FC:8B:1D,-102
BLE,1668946367216731388,49:95:E9:FC:8B:1D,-101
BLE,1668946369493076854,49:95:E9:FC:8B:1D,-102
BLE,1668946371221344748,49:95:E9:FC:8B:1D,-105
BLE,1668946373807812001,49:95:E9:FC:8B:1D,-106
BLE,1668946374666205443,49:95:E9:FC:8B:1D,-101
BLE,1668946376396817072,49:95:E9:FC:8B:1D,-103
BLE,1668946376959079096,49:95:E9:FC:8B:1D,-105
BLE,1668946380964015788,49:95:E9:FC:8B:1D,-105
BLE,1668946381821424902,49:95:E9:FC:8B:1D,-102
BLE,1668946382675071082,49:95:E9:FC:8B:1D,-104
BLE,1668946384095588465,49:95:E9:FC:8B:1D,-102
BLE,1668946395858771007,49:95:E9:FC:8B:1D,-101
BLE,1668946396398084552,49:95:E9:FC:8B:1D,-99
BLE,1668946397550795130,49:95:E9:FC:8B:1D,-102
BLE,1668946399259581606,49:95:E9:FC:8B:1D,-104
BLE,1668946400404725191,49:95:E9:FC:8B:1D,-106
BLE,1668946402115980401,49:95:E9:FC:8B:1D,-107
BLE,1668946404390934584,49:95:E9:FC:8B:1D,-105
BLE,1668946406388452190,49:95:E9:FC:8B:1D,-102
BLE,1668946407244729479,49:95:E9:FC:8B:1D,-100
BLE,1668946408980992280,49:95:E9:FC:8B:1D,-105
BLE,1668946409270841612,49:95:E9:FC:8B:1D,-104
BLE,1668946410418309974,49:95:E9:FC:8B:1D,-99
BLE,1668946410709601505,49:95:E9:FC:8B:1D,-104
BLE,1668946421890873813,49:95:E9:FC:8B:1D,-105
BLE,1668946423582493689,49:95:E9:FC:8B:1D,-107
BLE,1668946425583770355,49:95:E9:FC:8B:1D,-103
BLE,1668946431321181705,49:95:E9:FC:8B:1D,-101
BLE,1668946434179355530,49:95:E9:FC:8B:1D,-103
BLE,1668946434469114530,49:95:E9:FC:8B:1D,-101
BLE,1668946438497591864,49:95:E9:FC:8B:1D,-103
BLE,1668946451434772974,49:95:E9:FC:8B:1D,-102
BLE,1668946454002169182,49:95:E9:FC:8B:1D,-100
BLE,1668946455147551890,49:95:E9:FC:8B:1D,-108
BLE,1668946456862720658,49:95:E9:FC:8B:1D,-100
BLE,1668946458005024969,49:95:E9:FC:8B:1D,-102
BLE,1668946460304706913,49:95:E9:FC:8B:1D,-101
BLE,1668946461447291347,49:95:E9:FC:8B:1D,-102
BLE,1668946464579726728,49:95:E9:FC:8B:1D,-103
BLE,1668946466875262823,49:95:E9:FC:8B:1D,-102
BLE,1668946470902227167,49:95:E9:FC:8B:1D,-106
BLE,1668946471192557121,49:95:E9:FC:8B:1D,-101
BLE,1668946473756550891,49:95:E9:FC:8B:1D,-104
BLE,1668946475196568276,49:95:E9:FC:8B:1D,-104
BLE,1668946482670814133,49:95:E9:FC:8B:1D,-105
BLE,1668946484646689792,49:95:E9:FC:8B:1D,-102
BLE,1668946486065008731,49:95:E9:FC:8B:1D,-100
BLE,1668946488066891435,49:95:E9:FC:8B:1D,-102
BLE,1668946494950788653,49:95:E9:FC:8B:1D,-102
BLE,1668946496935647423,49:95:E9:FC:8B:1D,-101
BLE,1668946497789280478,49:95:E9:FC:8B:1D,-103
BLE,1668946501791826143,49:95:E9:FC:8B:1D,-103
BLE,1668946504359557223,49:95:E9:FC:8B:1D,-106
BLE,1668946506065898506,49:95:E9:FC:8B:1D,-106
BLE,1668946507780754109,49:95:E9:FC:8B:1D,-100
BLE,1668946516374761961,49:95:E9:FC:8B:1D,-103
BLE,1668946527286836557,49:95:E9:FC:8B:1D,-104
BLE,1668946530124806718,49:95:E9:FC:8B:1D,-102
BLE,1668946530978521106,49:95:E9:FC:8B:1D,-102
BLE,1668946531834722270,49:95:E9:FC:8B:1D,-103
BLE,1668946534127393883,49:95:E9:FC:8B:1D,-103
BLE,1668946534415911348,49:95:E9:FC:8B:1D,-103
BLE,1668946539592434374,49:95:E9:FC:8B:1D,-105
BLE,1668946543013551344,49:95:E9:FC:8B:1D,-106
BLE,1668946543304128088,49:95:E9:FC:8B:1D,-105
BLE,1668946546454381814,49:95:E9:FC:8B:1D,-101
BLE,1668946548165645857,49:95:E9:FC:8B:1D,-104
BLE,1668946549874344667,49:95:E9:FC:8B:1D,-102
BLE,1668946551878596855,49:95:E9:FC:8B:1D,-104
BLE,1668946553588645239,49:95:E9:FC:8B:1D,-101
BLE,1668946559351084765,49:95:E9:FC:8B:1D,-103
BLE,1668946561352095974,49:95:E9:FC:8B:1D,-103
BLE,1668946562502495234,49:95:E9:FC:8B:1D,-102
BLE,1668946565357479495,49:95:E9:FC:8B:1D,-102
BLE,1668946569072548980,49:95:E9:FC:8B:1D,-103
BLE,1668946574220118772,49:95:E9:FC:8B:1D,-104
BLE,1668946575932771098,49:95:E9:FC:8B:1D,-105
BLE,1668946579938982198,49:95:E9:FC:8B:1D,-99
BLE,1668946581085242526,49:95:E9:FC:8B:1D,-107
BLE,1668946582232230641,49:95:E9:FC:8B:1D,-102
BLE,1668946585942851153,49:95:E9:FC:8B:1D,-102
BLE,1668946589656632813,49:95:E9:FC:8B:1D,-101
BLE,1668946590514003760,49:95:E9:FC:8B:1D,-101
BLE,1668946591659208053,49:95:E9:FC:8B:1D,-103
BLE,1668946595959272168,49:95:E9:FC:8B:1D,-105
BLE,1668946598521862489,49:95:E9:FC:8B:1D,-104
BLE,1668946599673427284,49:95:E9:FC:8B:1D,-102
BLE,1668946601672279798,49:95:E9:FC:8B:1D,-101
BLE,1668946604801957113,49:95:E9:FC:8B:1D,-103
BLE,1668946607658143867,49:95:E9:FC:8B:1D,-102
BLE,1668946608512902665,49:95:E9:FC:8B:1D,-105
BLE,1668946608802832705,49:95:E9:FC:8B:1D,-103
BLE,1668946610246842190,49:95:E9:FC:8B:1D,-102
BLE,1668946612541972287,49:95:E9:FC:8B:1D,-100
BLE,1668946616835686109,49:95:E9:FC:8B:1D,-101
BLE,1668946618259365889,49:95:E9:FC:8B:1D,-103
BLE,1668946622827075726,49:95:E9:FC:8B:1D,-101
BLE,1668946624553214384,49:95:E9:FC:8B:1D,-101
BLE,1668946630586810192,49:95:E9:FC:8B:1D,-107
BLE,1668946633130375884,49:95:E9:FC:8B:1D,-100
BLE,1668946633418811517,49:95:E9:FC:8B:1D,-104
BLE,1668946636277899628,49:95:E9:FC:8B:1D,-101
BLE,1668946639428314770,49:95:E9:FC:8B:1D,-104
BLE,1668946641726551972,49:95:E9:FC:8B:1D,-103
BLE,1668946647734622526,49:95:E9:FC:8B:1D,-100
BLE,1668946660894663976,49:95:E9:FC:8B:1D,-102
BLE,1668946663749972236,49:95:E9:FC:8B:1D,-101
BLE,1668946665464224593,49:95:E9:FC:8B:1D,-104
BLE,1668946671202713937,49:95:E9:FC:8B:1D,-103
BLE,1668946671469762455,49:95:E9:FC:8B:1D,-101
BLE,1668946674057564200,49:95:E9:FC:8B:1D,-101
BLE,1668946675203624945,49:95:E9:FC:8B:1D,-103
BLE,1668946680359412102,49:95:E9:FC:8B:1D,-102
BLE,1668946680649968846,49:95:E9:FC:8B:1D,-102
BLE,1668946683531411566,49:95:E9:FC:8B:1D,-102
BLE,1668946684386238197,49:95:E9:FC:8B:1D,-105
BLE,1668946686388951437,49:95:E9:FC:8B:1D,-104
BLE,1668946687537333334,49:95:E9:FC:8B:1D,-104
BLE,1668946690395060495,49:95:E9:FC:8B:1D,-102
BLE,1668946692396898949,49:95:E9:FC:8B:1D,-104
BLE,1668946698986675738,49:95:E9:FC:8B:1D,-100
BLE,1668946703531481637,49:95:E9:FC:8B:1D,-100
BLE,1668946710422766433,49:95:E9:FC:8B:1D,-106
BLE,1668946712690464162,49:95:E9:FC:8B:1D,-103
BLE,1668946716400494012,49:95:E9:FC:8B:1D,-104
BLE,1668946718111625014,49:95:E9:FC:8B:1D,-101
BLE,1668946720116624032,49:95:E9:FC:8B:1D,-101
BLE,1668946720972771237,49:95:E9:FC:8B:1D,-102
BLE,1668946721261423410,49:95:E9:FC:8B:1D,-102
BLE,1668946722413653909,49:95:E9:FC:8B:1D,-105
BLE,1668946723849183780,49:95:E9:FC:8B:1D,-102
BLE,1668946728419215728,49:95:E9:FC:8B:1D,-106
BLE,1668946735890762477,49:95:E9:FC:8B:1D,-104
BLE,1668946737308014964,49:95:E9:FC:8B:1D,-105
BLE,1668946737596578554,49:95:E9:FC:8B:1D,-105
BLE,1668946741333054278,49:95:E9:FC:8B:1D,-103
BLE,1668946744190499191,49:95:E9:FC:8B:1D,-108
BLE,1668946745045024949,49:95:E9:FC:8B:1D,-104
BLE,1668946748196875249,49:95:E9:FC:8B:1D,-104
BLE,1668946748488121613,49:95:E9:FC:8B:1D,-104
BLE,1668946749341840876,49:95:E9:FC:8B:1D,-104
BLE,1668946750493691169,49:95:E9:FC:8B:1D,-104
BLE,1668946756230728563,49:95:E9:FC:8B:1D,-101
BLE,1668946761652149788,49:95:E9:FC:8B:1D,-102
BLE,1668946765949712044,49:95:E9:FC:8B:1D,-104
BLE,1668946767095970164,49:95:E9:FC:8B:1D,-103
BLE,1668946772227314975,49:95:E9:FC:8B:1D,-102
BLE,1668946774228617766,49:95:E9:FC:8B:1D,-110
BLE,1668946775379760062,49:95:E9:FC:8B:1D,-105
BLE,1668946780551181245,49:95:E9:FC:8B:1D,-102
BLE,1668946783139942901,49:95:E9:FC:8B:1D,-102
BLE,1668946793174829840,49:95:E9:FC:8B:1D,-106
BLE,1668946794298773184,49:95:E9:FC:8B:1D,-103
BLE,1668946797450153404,49:95:E9:FC:8B:1D,-100
BLE,1668946800603743442,49:95:E9:FC:8B:1D,-102
BLE,1668946803748907034,49:95:E9:FC:8B:1D,-105
BLE,1668946804895160028,49:95:E9:FC:8B:1D,-102
BLE,1668946809487557543,49:95:E9:FC:8B:1D,-101
BLE,1668946813787127828,49:95:E9:FC:8B:1D,-102
BLE,1668946817523924091,49:95:E9:FC:8B:1D,-103
BLE,1668946819522615190,49:95:E9:FC:8B:1D,-103
BLE,1668946831310837698,49:95:E9:FC:8B:1D,-103
BLE,1668946832143974258,49:95:E9:FC:8B:1D,-102
BLE,1668946833292710862,49:95:E9:FC:8B:1D,-103
BLE,1668946834444057033,49:95:E9:FC:8B:1D,-104
BLE,1668946836442707715,49:95:E9:FC:8B:1D,-100
BLE,1668946837298857587,49:95:E9:FC:8B:1D,-105
BLE,1668946838739081055,49:95:E9:FC:8B:1D,-102
BLE,1668946840179750144,49:95:E9:FC:8B:1D,-102
BLE,1668946843914992751,49:95:E9:FC:8B:1D,-103
BLE,1668946846791811166,49:95:E9:FC:8B:1D,-102
BLE,1668946853406793670,49:95:E9:FC:8B:1D,-103
BLE,1668946861146762178,49:95:E9:FC:8B:1D,-102
BLE,1668946861980589400,49:95:E9:FC:8B:1D,-100
BLE,1668946863131959195,49:95:E9:FC:8B:1D,-103
BLE,1668946867402112041,49:95:E9:FC:8B:1D,-102
BLE,1668946869968254256,49:95:E9:FC:8B:1D,-106
BLE,1668946874265893136,49:95:E9:FC:8B:1D,-104
BLE,1668946876560846610,49:95:E9:FC:8B:1D,-104
BLE,1668946879147125531,49:95:E9:FC:8B:1D,-102
BLE,1668946883738447886,49:95:E9:FC:8B:1D,-104
BLE,1668946886303499733,49:95:E9:FC:8B:1D,-103
BLE,1668946886870813975,49:95:E9:FC:8B:1D,-103
BLE,1668946888014780609,49:95:E9:FC:8B:1D,-104
BLE,1668946889727120229,49:95:E9:FC:8B:1D,-104
BLE,1668946890015804860,49:95:E9:FC:8B:1D,-103
BLE,1668946891729752219,49:95:E9:FC:8B:1D,-102
BLE,1668946894313579823,49:95:E9:FC:8B:1D,-100
BLE,1668946895755957901,49:95:E9:FC:8B:1D,-101
BLE,1668946896612114690,49:95:E9:FC:8B:1D,-101
BLE,1668946898052222450,49:95:E9:FC:8B:1D,-104
BLE,1668946898905873130,49:95:E9:FC:8B:1D,-100
BLE,1668946909502800595,49:95:E9:FC:8B:1D,-102
BLE,1668946917782768685,49:95:E9:FC:8B:1D,-102
BLE,1668946918324656005,49:95:E9:FC:8B:1D,-103
BLE,1668946919762383196,49:95:E9:FC:8B:1D,-103
BLE,1668946921473555240,49:95:E9:FC:8B:1D,-102
BLE,1668946922621175226,49:95:E9:FC:8B:1D,-103
BLE,1668946923183472167,49:95:E9:FC:8B:1D,-102
BLE,1668946924041141529,49:95:E9:FC:8B:1D,-105
BLE,1668946924896060410,49:95:E9:FC:8B:1D,-103
BLE,1668946928045006477,49:95:E9:FC:8B:1D,-101
BLE,1668946929190099938,49:95:E9:FC:8B:1D,-106
BLE,1668946930610424781,49:95:E9:FC:8B:1D,-105
BLE,1668946932610212164,49:95:E9:FC:8B:1D,-102
BLE,1668946934050259716,49:95:E9:FC:8B:1D,-101
BLE,1668946935200138395,49:95:E9:FC:8B:1D,-109
BLE,1668946935490053394,49:95:E9:FC:8B:1D,-102
BLE,1668946937493380963,49:95:E9:FC:8B:1D,-99
BLE,1668946941205249676,49:95:E9:FC:8B:1D,-104
BLE,1668946943792136260,49:95:E9:FC:8B:1D,-102
BLE,1668946947485366216,49:95:E9:FC:8B:1D,-104
BLE,1668946954370734717,49:95:E9:FC:8B:1D,-103
BLE,1668946964650771147,49:95:E9:FC:8B:1D,-101
BLE,1668946966047893762,49:95:E9:FC:8B:1D,-102
BLE,1668946970054242736,49:95:E9:FC:8B:1D,-102
BLE,1668946971199861859,49:95:E9:FC:8B:1D,-101
BLE,1668946972054695573,49:95:E9:FC:8B:1D,-105
BLE,1668946972906653222,49:95:E9:FC:8B:1D,-101
BLE,1668946974059908714,49:95:E9:FC:8B:1D,-102
BLE,1668946978936964010,49:95:E9:FC:8B:1D,-103
BLE,1668946980379396171,49:95:E9:FC:8B:1D,-102
BLE,1668946986702759063,49:95:E9:FC:8B:1D,-104
BLE,1668946989266434210,49:95:E9:FC:8B:1D,-111
BLE,1668946995590748804,49:95:E9:FC:8B:1D,-102
BLE,1668946998715718357,49:95:E9:FC:8B:1D,-101
BLE,1668946999283034558,49:95:E9:FC:8B:1D,-105
BLE,1668947007874798090,49:95:E9:FC:8B:1D,-103
BLE,1668947008998119355,49:95:E9:FC:8B:1D,-103
BLE,1668947015326819087,49:95:E9:FC:8B:1D,-105
BLE,1668947019331024575,49:95:E9:FC:8B:1D,-102
BLE,1668947026238766434,49:95:E9:FC:8B:1D,-100
BLE,1668947027922408152,49:95:E9:FC:8B:1D,-104
BLE,1668947031073173458,49:95:E9:FC:8B:1D,-102
BLE,1668947045698764299,49:95:E9:FC:8B:1D,-100
BLE,1668947049972623454,49:95:E9:FC:8B:1D,-102
BLE,1668947054001430578,49:95:E9:FC:8B:1D,-100
BLE,1668947057150239730,49:95:E9:FC:8B:1D,-102
BLE,1668947062302828116,49:95:E9:FC:8B:1D,-102
BLE,1668947066599114504,49:95:E9:FC:8B:1D,-102
BLE,1668947067747669818,49:95:E9:FC:8B:1D,-102
BLE,1668947071192309139,49:95:E9:FC:8B:1D,-102
BLE,1668947075178035827,49:95:E9:FC:8B:1D,-105
BLE,1668947075465081177,49:95:E9:FC:8B:1D,-103
BLE,1668947076030117808,49:95:E9:FC:8B:1D,-102
BLE,1668947088926757926,45:C8:3E:E4:AF:23,-101
BLE,1668947094637577986,45:C8:3E:E4:AF:23,-103
BLE,1668947098936745898,45:C8:3E:E4:AF:23,-106
BLE,1668947100372993765,45:C8:3E:E4:AF:23,-102
BLE,1668947103524291985,45:C8:3E:E4:AF:23,-103
BLE,1668947106676877697,45:C8:3E:E4:AF:23,-104
BLE,1668947111264530700,45:C8:3E:E4:AF:23,-104
BLE,1668947113265274285,45:C8:3E:E4:AF:23,-103
BLE,1668947120154769135,45:C8:3E:E4:AF:23,-103
BLE,1668947122429148988,45:C8:3E:E4:AF:23,-103
BLE,1668947123571284634,45:C8:3E:E4:AF:23,-106
BLE,1668947127580896379,45:C8:3E:E4:AF:23,-104
BLE,1668947130164758149,45:C8:3E:E4:AF:23,-101
BLE,1668947133021042111,45:C8:3E:E4:AF:23,-102
BLE,1668947133587299110,45:C8:3E:E4:AF:23,-105
BLE,1668947134732657110,45:C8:3E:E4:AF:23,-104
BLE,1668947136444051569,45:C8:3E:E4:AF:23,-104
BLE,1668947138740314993,45:C8:3E:E4:AF:23,-103
BLE,1668947139595162665,45:C8:3E:E4:AF:23,-100
BLE,1668947143597324540,45:C8:3E:E4:AF:23,-104
BLE,1668947149020358964,45:C8:3E:E4:AF:23,-102
BLE,1668947151899998528,45:C8:3E:E4:AF:23,-100
BLE,1668947152753666583,45:C8:3E:E4:AF:23,-101
BLE,1668947153613621015,45:C8:3E:E4:AF:23,-103
BLE,1668947157326243765,45:C8:3E:E4:AF:23,-102
BLE,1668947165938759583,45:C8:3E:E4:AF:23,-101
BLE,1668947168214538928,45:C8:3E:E4:AF:23,-102
BLE,1668947169656271844,45:C8:3E:E4:AF:23,-100
BLE,1668947172807601480,45:C8:3E:E4:AF:23,-108
BLE,1668947177662545541,45:C8:3E:E4:AF:23,-103
BLE,1668947180523752388,45:C8:3E:E4:AF:23,-104
BLE,1668947182235061264,45:C8:3E:E4:AF:23,-102
BLE,1668947183964137278,45:C8:3E:E4:AF:23,-103
BLE,1668947184822571886,45:C8:3E:E4:AF:23,-100
BLE,1668947188552245028,45:C8:3E:E4:AF:23,-101
BLE,1668947189974006695,45:C8:3E:E4:AF:23,-102
BLE,1668947192265197109,45:C8:3E:E4:AF:23,-102
BLE,1668947194561514241,45:C8:3E:E4:AF:23,-102
BLE,1668947197418012493,45:C8:3E:E4:AF:23,-103
BLE,1668947199424848666,45:C8:3E:E4:AF:23,-101
BLE,1668947204572972121,45:C8:3E:E4:AF:23,-102
BLE,1668947205721748349,45:C8:3E:E4:AF:23,-101
BLE,1668947207454285258,45:C8:3E:E4:AF:23,-103
BLE,1668947209167887203,45:C8:3E:E4:AF:23,-103
BLE,1668947212900600992,45:C8:3E:E4:AF:23,-101
BLE,1668947214610624502,45:C8:3E:E4:AF:23,-102
BLE,1668947216908066959,45:C8:3E:E4:AF:23,-102
BLE,1668947217197227629,45:C8:3E:E4:AF:23,-102
BLE,1668947222643222199,45:C8:3E:E4:AF:23,-102
BLE,1668947224063063795,45:C8:3E:E4:AF:23,-103
BLE,1668947226626238154,45:C8:3E:E4:AF:23,-100
BLE,1668947232071994809,45:C8:3E:E4:AF:23,-100
BLE,1668947236367042830,45:C8:3E:E4:AF:23,-101
BLE,1668947240080138036,45:C8:3E:E4:AF:23,-101
BLE,1668947240937506150,45:C8:3E:E4:AF:23,-102
BLE,1668947241228414184,45:C8:3E:E4:AF:23,-103
BLE,1668947243523359532,45:C8:3E:E4:AF:23,-101
BLE,1668947244668924656,45:C8:3E:E4:AF:23,-103
BLE,1668947245822158607,45:C8:3E:E4:AF:23,-101
BLE,1668947252410749569,45:C8:3E:E4:AF:23,-101
BLE,1668947254957191659,45:C8:3E:E4:AF:23,-103
BLE,1668947256104557230,45:C8:3E:E4:AF:23,-102
BLE,1668947256394435437,45:C8:3E:E4:AF:23,-99
BLE,1668947257541698633,45:C8:3E:E4:AF:23,-102
BLE,1668947260398445342,45:C8:3E:E4:AF:23,-104
BLE,1668947271850846434,45:C8:3E:E4:AF:23,-102
BLE,1668947273832284559,45:C8:3E:E4:AF:23,-103
BLE,1668947276981980956,45:C8:3E:E4:AF:23,-104
BLE,1668947280987373186,45:C8:3E:E4:AF:23,-107
BLE,1668947285871314147,45:C8:3E:E4:AF:23,-104
BLE,1668947291044597651,45:C8:3E:E4:AF:23,-102
BLE,1668947291899427573,45:C8:3E:E4:AF:23,-104
BLE,1668947295926422958,45:C8:3E:E4:AF:23,-99
BLE,1668947298810146413,45:C8:3E:E4:AF:23,-103
BLE,1668947301102116406,45:C8:3E:E4:AF:23,-102
BLE,1668947303396556633,45:C8:3E:E4:AF:23,-101
BLE,1668947310282823294,45:C8:3E:E4:AF:23,-101
BLE,1668947312260849482,45:C8:3E:E4:AF:23,-103
BLE,1668947317123377703,45:C8:3E:E4:AF:23,-102
BLE,1668947318561659099,45:C8:3E:E4:AF:23,-104
BLE,1668947321147930229,45:C8:3E:E4:AF:23,-106
BLE,1668947321713973312,45:C8:3E:E4:AF:23,-104
BLE,1668947322570354892,45:C8:3E:E4:AF:23,-104
BLE,1668947323425885060,45:C8:3E:E4:AF:23,-102
BLE,1668947323713236699,45:C8:3E:E4:AF:23,-100
BLE,1668947326007970508,45:C8:3E:E4:AF:23,-104
BLE,1668947332626782779,45:C8:3E:E4:AF:23,-102
BLE,1668947334605634961,45:C8:3E:E4:AF:23,-103
BLE,1668947335460428551,45:C8:3E:E4:AF:23,-103
BLE,1668947336315627013,45:C8:3E:E4:AF:23,-102
BLE,1668947336881832970,45:C8:3E:E4:AF:23,-104
BLE,1668947337169151277,45:C8:3E:E4:AF:23,-102
BLE,1668947340614309053,45:C8:3E:E4:AF:23,-104
BLE,1668947341761736540,45:C8:3E:E4:AF:23,-102
BLE,1668947342052843239,45:C8:3E:E4:AF:23,-100
BLE,1668947344055101357,45:C8:3E:E4:AF:23,-102
BLE,1668947349501946463,45:C8:3E:E4:AF:23,-100
BLE,1668947351794033663,45:C8:3E:E4:AF:23,-103
BLE,1668947358390773657,45:C8:3E:E4:AF:23,-102
BLE,1668947360955664047,45:C8:3E:E4:AF:23,-99
BLE,1668947363540719143,45:C8:3E:E4:AF:23,-103
BLE,1668947364394288615,45:C8:3E:E4:AF:23,-106
BLE,1668947364960729029,45:C8:3E:E4:AF:23,-103
BLE,1668947372114779621,45:C8:3E:E4:AF:23,-104
BLE,1668947376118552736,45:C8:3E:E4:AF:23,-104
BLE,1668947376410374722,45:C8:3E:E4:AF:23,-100
BLE,1668947380712245826,45:C8:3E:E4:AF:23,-104
BLE,1668947381291639242,45:C8:3E:E4:AF:23,-105
BLE,1668947384151083600,45:C8:3E:E4:AF:23,-102
BLE,1668947385009592333,45:C8:3E:E4:AF:23,-103
BLE,1668947387866167460,45:C8:3E:E4:AF:23,-103
BLE,1668947389013622530,45:C8:3E:E4:AF:23,-101
BLE,1668947389577184171,45:C8:3E:E4:AF:23,-104
BLE,1668947396190746392,45:C8:3E:E4:AF:23,-103
BLE,1668947397021265469,45:C8:3E:E4:AF:23,-101
BLE,1668947399297367436,45:C8:3E:E4:AF:23,-103
BLE,1668947402740425684,45:C8:3E:E4:AF:23,-103
BLE,1668947403884320860,45:C8:3E:E4:AF:23,-105
BLE,1668947407891243039,45:C8:3E:E4:AF:23,-103
BLE,1668947411624378784,45:C8:3E:E4:AF:23,-103
BLE,1668947420514807010,45:C8:3E:E4:AF:23,-101
BLE,1668947428254764351,45:C8:3E:E4:AF:23,-105
BLE,1668947428522590323,45:C8:3E:E4:AF:23,-102
BLE,1668947431382729385,45:C8:3E:E4:AF:23,-103
BLE,1668947434534111063,45:C8:3E:E4:AF:23,-102
BLE,1668947440850831413,45:C8:3E:E4:AF:23,-100
BLE,1668947443691061810,45:C8:3E:E4:AF:23,-105
BLE,1668947446569089343,45:C8:3E:E4:AF:23,-108
BLE,1668947452014723581,45:C8:3E:E4:AF:23,-101
BLE,1668947455431671870,45:C8:3E:E4:AF:23,-106
BLE,1668947461758775529,45:C8:3E:E4:AF:23,-101
BLE,1668947462879347353,45:C8:3E:E4:AF:23,-100
BLE,1668947464026850589,45:C8:3E:E4:AF:23,-107
BLE,1668947465176803769,45:C8:3E:E4:AF:23,-102
BLE,1668947468888226609,45:C8:3E:E4:AF:23,-102
BLE,1668947470327626790,45:C8:3E:E4:AF:23,-106
BLE,1668947475191977292,45:C8:3E:E4:AF:23,-103
BLE,1668947480069604542,45:C8:3E:E4:AF:23,-103
BLE,1668947481219458306,45:C8:3E:E4:AF:23,-99
BLE,1668947482928415655,45:C8:3E:E4:AF:23,-102
BLE,1668947486644443509,45:C8:3E:E4:AF:23,-100
BLE,1668947487787013860,45:C8:3E:E4:AF:23,-102
BLE,1668947494682770378,45:C8:3E:E4:AF:23,-105
BLE,1668947494942061028,45:C8:3E:E4:AF:23,-99
BLE,1668947495797756570,45:C8:3E:E4:AF:23,-104
BLE,1668947504398773378,45:C8:3E:E4:AF:23,-107
BLE,1668947507817991610,45:C8:3E:E4:AF:23,-105
BLE,1668947509527380207,45:C8:3E:E4:AF:23,-102
BLE,1668947514090026951,45:C8:3E:E4:AF:23,-103
BLE,1668947514658567519,45:C8:3E:E4:AF:23,-102
BLE,1668947515509882714,45:C8:3E:E4:AF:23,-103
BLE,1668947516364835885,45:C8:3E:E4:AF:23,-104
BLE,1668947519226313940,45:C8:3E:E4:AF:23,-100
BLE,1668947522667418825,45:C8:3E:E4:AF:23,-102
BLE,1668947524377261377,45:C8:3E:E4:AF:23,-103
BLE,1668947528942420856,45:C8:3E:E4:AF:23,-100
BLE,1668947529799931094,45:C8:3E:E4:AF:23,-102
BLE,1668947533510012902,45:C8:3E:E4:AF:23,-105
BLE,1668947534656232689,45:C8:3E:E4:AF:23,-102
BLE,1668947536930056171,45:C8:3E:E4:AF:23,-101
BLE,1668947544378824355,45:C8:3E:E4:AF:23,-102
BLE,1668947550946763782,45:C8:3E:E4:AF:23,-102
BLE,1668947555224103457,45:C8:3E:E4:AF:23,-101
BLE,1668947558372503612,45:C8:3E:E4:AF:23,-101
BLE,1668947559231590882,45:C8:3E:E4:AF:23,-103
BLE,1668947559522682040,45:C8:3E:E4:AF:23,-101
BLE,1668947560959147322,45:C8:3E:E4:AF:23,-101
BLE,1668947562109007086,45:C8:3E:E4:AF:23,-100
BLE,1668947566117482130,45:C8:3E:E4:AF:23,-102
BLE,1668947566405259433,45:C8:3E:E4:AF:23,-102
BLE,1668947570118089640,45:C8:3E:E4:AF:23,-104
BLE,1668947576438648466,45:C8:3E:E4:AF:23,-103
BLE,1668947578422288576,45:C8:3E:E4:AF:23,-104
BLE,1668947580989181162,45:C8:3E:E4:AF:23,-102
BLE,1668947582429102714,45:C8:3E:E4:AF:23,-102
BLE,1668947585015656300,45:C8:3E:E4:AF:23,-104
BLE,1668947586164310196,45:C8:3E:E4:AF:23,-105
BLE,1668947590483727522,45:C8:3E:E4:AF:23,-101
BLE,1668947591334345138,45:C8:3E:E4:AF:23,-101
BLE,1668947593046268593,45:C8:3E:E4:AF:23,-101
BLE,1668947593612948923,45:C8:3E:E4:AF:23,-105
BLE,1668947594758776712,45:C8:3E:E4:AF:23,-102
BLE,1668947595049393081,45:C8:3E:E4:AF:23,-104
BLE,1668947606498771317,45:C8:3E:E4:AF:23,-105
BLE,1668947607335568229,45:C8:3E:E4:AF:23,-100
BLE,1668947609045887986,45:C8:3E:E4:AF:23,-107
BLE,1668947613632879243,45:C8:3E:E4:AF:23,-100
BLE,1668947615054607036,45:C8:3E:E4:AF:23,-102
BLE,1668947616783243469,45:C8:3E:E4:AF:23,-102
BLE,1668947617640828916,45:C8:3E:E4:AF:23,-103
BLE,1668947618205725840,45:C8:3E:E4:AF:23,-103
BLE,1668947620207101880,45:C8:3E:E4:AF:23,-105
BLE,1668947622772132436,45:C8:3E:E4:AF:23,-101
BLE,1668947627654337949,45:C8:3E:E4:AF:23,-104
BLE,1668947632785379929,45:C8:3E:E4:AF:23,-104
BLE,1668947639694772319,45:C8:3E:E4:AF:23,-101
BLE,1668947641106256177,45:C8:3E:E4:AF:23,-102
BLE,1668947648286814809,45:C8:3E:E4:AF:23,-104
BLE,1668947651978798606,45:C8:3E:E4:AF:23,-103
BLE,1668947652268101358,45:C8:3E:E4:AF:23,-102
BLE,1668947658590702754,45:C8:3E:E4:AF:23,-102
BLE,1668947660569002149,45:C8:3E:E4:AF:23,-105
BLE,1668947661136268391,45:C8:3E:E4:AF:23,-104
BLE,1668947661990205736,45:C8:3E:E4:AF:23,-103
BLE,1668947665431524162,45:C8:3E:E4:AF:23,-105
BLE,1668947670878994056,45:C8:3E:E4:AF:23,-101
BLE,1668947674025933386,45:C8:3E:E4:AF:23,-103
BLE,1668947678617936070,45:C8:3E:E4:AF:23,-101
BLE,1668947679766990588,45:C8:3E:E4:AF:23,-107
BLE,1668947681474149407,45:C8:3E:E4:AF:23,-104
BLE,1668947683182960799,45:C8:3E:E4:AF:23,-105
BLE,1668947689216748524,45:C8:3E:E4:AF:23,-101
BLE,1668947692948084947,45:C8:3E:E4:AF:23,-103
BLE,1668947694393115425,45:C8:3E:E4:AF:23,-103
BLE,1668947703566830483,45:C8:3E:E4:AF:23,-101
BLE,1668947704694284888,45:C8:3E:E4:AF:23,-102
BLE,1668947705549138685,45:C8:3E:E4:AF:23,-100
BLE,1668947710408028221,45:C8:3E:E4:AF:23,-99
BLE,1668947712706451714,45:C8:3E:E4:AF:23,-102
BLE,1668947714706825677,45:C8:3E:E4:AF:23,-106
BLE,1668947715564191500,45:C8:3E:E4:AF:23,-104
BLE,1668947717001966816,45:C8:3E:E4:AF:23,-101
BLE,1668947719295638131,45:C8:3E:E4:AF:23,-101
BLE,1668947721860872352,45:C8:3E:E4:AF:23,-106
BLE,1668947723009005918,45:C8:3E:E4:AF:23,-106
BLE,1668947727014498439,45:C8:3E:E4:AF:23,-106
BLE,1668947736198648181,45:C8:3E:E4:AF:23,-105
BLE,1668947737614575885,45:C8:3E:E4:AF:23,-104
BLE,1668947748550841620,45:C8:3E:E4:AF:23,-105
BLE,1668947749382197274,45:C8:3E:E4:AF:23,-101
BLE,1668947757410825830,45:C8:3E:E4:AF:23,-102
BLE,1668947764566836617,45:C8:3E:E4:AF:23,-103
BLE,1668947765401254210,45:C8:3E:E4:AF:23,-103
BLE,1668947770262558981,45:C8:3E:E4:AF:23,-102
BLE,1668947771117410445,45:C8:3E:E4:AF:23,-103
BLE,1668947771973602192,45:C8:3E:E4:AF:23,-104
BLE,1668947772830275520,45:C8:3E:E4:AF:23,-102
BLE,1668947773116197085,45:C8:3E:E4:AF:23,-104
BLE,1668947778273317192,45:C8:3E:E4:AF:23,-101
BLE,1668947781445156323,45:C8:3E:E4:AF:23,-103
BLE,1668947783153272094,45:C8:3E:E4:AF:23,-104
BLE,1668947787742667170,45:C8:3E:E4:AF:23,-102
BLE,1668947788310244077,45:C8:3E:E4:AF:23,-102
BLE,1668947788598262087,45:C8:3E:E4:AF:23,-104
BLE,1668947791458933230,45:C8:3E:E4:AF:23,-106
BLE,1668947791748719687,45:C8:3E:E4:AF:23,-102
BLE,1668947792606361967,45:C8:3E:E4:AF:23,-102
BLE,1668947795195268580,45:C8:3E:E4:AF:23,-102
BLE,1668947796337501641,45:C8:3E:E4:AF:23,-101
BLE,1668947797197228949,45:C8:3E:E4:AF:23,-103
BLE,1668947801784885202,45:C8:3E:E4:AF:23,-105
BLE,1668947804642769404,45:C8:3E:E4:AF:23,-101
BLE,1668947806083592534,45:C8:3E:E4:AF:23,-104
BLE,1668947810962406069,45:C8:3E:E4:AF:23,-103
BLE,1668947812383553574,45:C8:3E:E4:AF:23,-103
BLE,1668947815239950118,45:C8:3E:E4:AF:23,-100
BLE,1668947817808017530,45:C8:3E:E4:AF:23,-104
BLE,1668947819809048614,45:C8:3E:E4:AF:23,-101
BLE,1668947824398191815,45:C8:3E:E4:AF:23,-103
BLE,1668947833846769758,45:C8:3E:E4:AF:23,-99
BLE,1668947836123218724,45:C8:3E:E4:AF:23,-104
BLE,1668947837268121727,45:C8:3E:E4:AF:23,-106
BLE,1668947838123321564,45:C8:3E:E4:AF:23,-101
BLE,1668947844446772704,45:C8:3E:E4:AF:23,-100
BLE,1668947846423860190,45:C8:3E:E4:AF:23,-101
BLE,1668947848137025388,45:C8:3E:E4:AF:23,-101
BLE,1668947849282667719,45:C8:3E:E4:AF:23,-102
BLE,1668947851285970289,45:C8:3E:E4:AF:23,-103
BLE,1668947851575694622,45:C8:3E:E4:AF:23,-103
BLE,1668947852143054822,45:C8:3E:E4:AF:23,-105
BLE,1668947852431913827,45:C8:3E:E4:AF:23,-102
BLE,1668947852995689758,45:C8:3E:E4:AF:23,-103
BLE,1668947854726447886,45:C8:3E:E4:AF:23,-103
BLE,1668947856729677706,45:C8:3E:E4:AF:23,-104
BLE,1668947858440975624,45:C8:3E:E4:AF:23,-102
BLE,1668947861031574518,45:C8:3E:E4:AF:23,-103
BLE,1668947862741010198,45:C8:3E:E4:AF:23,-104
BLE,1668947863885979575,45:C8:3E:E4:AF:23,-100
BLE,1668947866181098506,45:C8:3E:E4:AF:23,-104
BLE,1668947868453032250,45:C8:3E:E4:AF:23,-100
BLE,1668947870458580389,45:C8:3E:E4:AF:23,-102
BLE,1668947871310922869,45:C8:3E:E4:AF:23,-101
BLE,1668947883910759740,45:C8:3E:E4:AF:23,-92
BLE,1668947891922810401,45:C8:3E:E4:AF:23,-103
BLE,1668947895904948695,45:C8:3E:E4:AF:23,-103
BLE,1668947899055009797,45:C8:3E:E4:AF:23,-103
BLE,1668947901617505285,45:C8:3E:E4:AF:23,-102
BLE,1668947905038760880,45:C8:3E:E4:AF:23,-103
BLE,1668947907332669527,45:C8:3E:E4:AF:23,-110
BLE,1668947910482301007,45:C8:3E:E4:AF:23,-101
BLE,1668947911630357240,45:C8:3E:E4:AF:23,-102
BLE,1668947912490250963,45:C8:3E:E4:AF:23,-103
BLE,1668947919958821898,45:C8:3E:E4:AF:23,-102
BLE,1668947920226454537,45:C8:3E:E4:AF:23,-102
BLE,1668947921085323559,45:C8:3E:E4:AF:23,-102
BLE,1668947921935373011,45:C8:3E:E4:AF:23,-101
BLE,1668947924795455491,45:C8:3E:E4:AF:23,-107
BLE,1668947925650450371,45:C8:3E:E4:AF:23,-102
BLE,1668947927654287895,45:C8:3E:E4:AF:23,-99
BLE,1668947928506582459,45:C8:3E:E4:AF:23,-103
BLE,1668947932783048432,45:C8:3E:E4:AF:23,-103
BLE,1668947933636613279,45:C8:3E:E4:AF:23,-101
BLE,1668947935930568133,45:C8:3E:E4:AF:23,-104
BLE,1668947936786839880,45:C8:3E:E4:AF:23,-102
BLE,1668947937641743386,45:C8:3E:E4:AF:23,-101
BLE,1668947941649325477,45:C8:3E:E4:AF:23,-102
BLE,1668947943944356325,45:C8:3E:E4:AF:23,-106
BLE,1668947945946867983,45:C8:3E:E4:AF:23,-106
BLE,1668947950784480445,45:C8:3E:E4:AF:23,-100
BLE,1668947951930567316,45:C8:3E:E4:AF:23,-103
BLE,1668947952785759236,45:C8:3E:E4:AF:23,-103
BLE,1668947961674771054,45:C8:3E:E4:AF:23,-104
BLE,1668947964214049939,45:C8:3E:E4:AF:23,-103
BLE,1668947965928242422,45:C8:3E:E4:AF:23,-104
BLE,1668947966216853554,45:C8:3E:E4:AF:23,-102
BLE,1668947967365078119,45:C8:3E:E4:AF:23,-102
BLE,1668947969662075538,45:C8:3E:E4:AF:23,-102
BLE,1668947975666679738,45:C8:3E:E4:AF:23,-101
BLE,1668947976233066820,45:C8:3E:E4:AF:23,-100
BLE,1668947977740797818,40:AD:BB:93:CD:93,-102
BLE,1668947981454021022,40:AD:BB:93:CD:93,-102
BLE,1668947986930708981,40:AD:BB:93:CD:93,-104
BLE,1668947989752185414,40:AD:BB:93:CD:93,-103
BLE,1668947990899675067,40:AD:BB:93:CD:93,-104
BLE,1668947992051519318,40:AD:BB:93:CD:93,-107
BLE,1668947993759302258,40:AD:BB:93:CD:93,-108
BLE,1668947999793201523,40:AD:BB:93:CD:93,-104
BLE,1668948001230026303,40:AD:BB:93:CD:93,-105
BLE,1668948005823298437,40:AD:BB:93:CD:93,-103
BLE,1668948006970787882,40:AD:BB:93:CD:93,-104
BLE,1668948008972479171,40:AD:BB:93:CD:93,-102
BLE,1668948009261083302,40:AD:BB:93:CD:93,-101
BLE,1668948021326784179,40:AD:BB:93:CD:93,-102
BLE,1668948021592507414,40:AD:BB:93:CD:93,-106
BLE,1668948022737736706,40:AD:BB:93:CD:93,-103
BLE,1668948023889922705,40:AD:BB:93:CD:93,-106
BLE,1668948025890303085,40:AD:BB:93:CD:93,-103
BLE,1668948028455219016,40:AD:BB:93:CD:93,-107
BLE,1668948032754082847,40:AD:BB:93:CD:93,-103
BLE,1668948035340322643,40:AD:BB:93:CD:93,-100
BLE,1668948038494102597,40:AD:BB:93:CD:93,-99
BLE,1668948038781413529,40:AD:BB:93:CD:93,-102
BLE,1668948039636411033,40:AD:BB:93:CD:93,-103
BLE,1668948046254808224,40:AD:BB:93:CD:93,-103
BLE,1668948047941727004,40:AD:BB:93:CD:93,-101
BLE,1668948050238592757,40:AD:BB:93:CD:93,-102
BLE,1668948050528453298,40:AD:BB:93:CD:93,-102
BLE,1668948053946652411,40:AD:BB:93:CD:93,-104
BLE,1668948055387747623,40:AD:BB:93:CD:93,-101
BLE,1668948060810404799,40:AD:BB:93:CD:93,-100
BLE,1668948063959197909,40:AD:BB:93:CD:93,-102
BLE,1668948065670447202,40:AD:BB:93:CD:93,-103
BLE,1668948067110397213,40:AD:BB:93:CD:93,-100
BLE,1668948068821675464,40:AD:BB:93:CD:93,-98
BLE,1668948071118095345,40:AD:BB:93:CD:93,-102
BLE,1668948074560553513,40:AD:BB:93:CD:93,-106
BLE,1668948075704161525,40:AD:BB:93:CD:93,-103
BLE,1668948078857678772,40:AD:BB:93:CD:93,-102
BLE,1668948083156966934,40:AD:BB:93:CD:93,-103
BLE,1668948085740837828,40:AD:BB:93:CD:93,-101
BLE,1668948087183321614,40:AD:BB:93:CD:93,-101
BLE,1668948090894636914,40:AD:BB:93:CD:93,-102
BLE,1668948092333388974,40:AD:BB:93:CD:93,-103
BLE,1668948094339608150,40:AD:BB:93:CD:93,-106
BLE,1668948094908999421,40:AD:BB:93:CD:93,-103
BLE,1668948095190197766,40:AD:BB:93:CD:93,-104
BLE,1668948120706813460,40:AD:BB:93:CD:93,-101
BLE,1668948127006507793,40:AD:BB:93:CD:93,-101
BLE,1668948128426786761,40:AD:BB:93:CD:93,-103
BLE,1668948132996390837,40:AD:BB:93:CD:93,-104
BLE,1668948135287641375,40:AD:BB:93:CD:93,-102
BLE,1668948135578676825,40:AD:BB:93:CD:93,-105
BLE,1668948147346808044,40:AD:BB:93:CD:93,-101
BLE,1668948154206767497,40:AD:BB:93:CD:93,-102
BLE,1668948160218728693,40:AD:BB:93:CD:93,-102
BLE,1668948168518805447,40:AD:BB:93:CD:93,-103
BLE,1668948174822714211,40:AD:BB:93:CD:93,-105
BLE,1668948175089920103,40:AD:BB:93:CD:93,-102
BLE,1668948176236642095,40:AD:BB:93:CD:93,-100
BLE,1668948177095765032,40:AD:BB:93:CD:93,-101
BLE,1668948181390096724,40:AD:BB:93:CD:93,-104
BLE,1668948184833103139,40:AD:BB:93:CD:93,-101
BLE,1668948187396872245,40:AD:BB:93:CD:93,-101
BLE,1668948199750682965,40:AD:BB:93:CD:93,-103
BLE,1668948202293353703,40:AD:BB:93:CD:93,-104
BLE,1668948204882116151,40:AD:BB:93:CD:93,-105
BLE,1668948208303871325,40:AD:BB:93:CD:93,-100
BLE,1668948217194820672,40:AD:BB:93:CD:93,-107
BLE,1668948217459537372,40:AD:BB:93:CD:93,-103
BLE,1668948219733524311,40:AD:BB:93:CD:93,-102
BLE,1668948220022196442,40:AD:BB:93:CD:93,-99
BLE,1668948222024705892,40:AD:BB:93:CD:93,-104
BLE,1668948223464808818,40:AD:BB:93:CD:93,-104
BLE,1668948240366774208,40:AD:BB:93:CD:93,-102
BLE,1668948241782179665,40:AD:BB:93:CD:93,-104
BLE,1668948242074223900,40:AD:BB:93:CD:93,-104
BLE,1668948244934801710,40:AD:BB:93:CD:93,-102
BLE,1668948245787277522,40:AD:BB:93:CD:93,-101
BLE,1668948250108635877,40:AD:BB:93:CD:93,-103
BLE,1668948252108692176,40:AD:BB:93:CD:93,-101
BLE,1668948258706811203,40:AD:BB:93:CD:93,-102
BLE,1668948259536172953,40:AD:BB:93:CD:93,-102
BLE,1668948270742797643,40:AD:BB:93:CD:93,-101
BLE,1668948271577161987,40:AD:BB:93:CD:93,-104
BLE,1668948274142225875,40:AD:BB:93:CD:93,-103
BLE,1668948277287795673,40:AD:BB:93:CD:93,-100
BLE,1668948284174717914,40:AD:BB:93:CD:93,-102
BLE,1668948285005258907,40:AD:BB:93:CD:93,-102
BLE,1668948285861727527,40:AD:BB:93:CD:93,-104
BLE,1668948288158082908,40:AD:BB:93:CD:93,-103
BLE,1668948289887921167,40:AD:BB:93:CD:93,-102
BLE,1668948306518861064,40:AD:BB:93:CD:93,-101
BLE,1668948306786008373,40:AD:BB:93:CD:93,-101
BLE,1668948310522046641,40:AD:BB:93:CD:93,-98
BLE,1668948317698808714,40:AD:BB:93:CD:93,-102
BLE,1668948326254778474,40:AD:BB:93:CD:93,-102
BLE,1668948329088300580,40:AD:BB:93:CD:93,-103
BLE,1668948329937991826,40:AD:BB:93:CD:93,-101
BLE,1668948331649470493,40:AD:BB:93:CD:93,-101
BLE,1668948332798236430,40:AD:BB:93:CD:93,-106
BLE,1668948333943137392,40:AD:BB:93:CD:93,-99
BLE,1668948335090383463,40:AD:BB:93:CD:93,-103
BLE,1668948335948087867,40:AD:BB:93:CD:93,-108
BLE,1668948336512514878,40:AD:BB:93:CD:93,-102
BLE,1668948337658010836,40:AD:BB:93:CD:93,-102
BLE,1668948338515618949,40:AD:BB:93:CD:93,-102
BLE,1668948339365361487,40:AD:BB:93:CD:93,-101
BLE,1668948340221598734,40:AD:BB:93:CD:93,-102
BLE,1668948348526772997,40:AD:BB:93:CD:93,-103
BLE,1668948350797348583,40:AD:BB:93:CD:93,-100
BLE,1668948353949916962,40:AD:BB:93:CD:93,-102
BLE,1668948356242382534,40:AD:BB:93:CD:93,-102
BLE,1668948363422778876,40:AD:BB:93:CD:93,-103
BLE,1668948369722749957,40:AD:BB:93:CD:93,-102
BLE,1668948371411926306,40:AD:BB:93:CD:93,-105
BLE,1668948372261137473,40:AD:BB:93:CD:93,-102
BLE,1668948374535164537,40:AD:BB:93:CD:93,-104
BLE,1668948375681374948,40:AD:BB:93:CD:93,-104
BLE,1668948384886781097,40:AD:BB:93:CD:93,-103
BLE,1668948389429485884,40:AD:BB:93:CD:93,-103
BLE,1668948393417670723,40:AD:BB:93:CD:93,-102
BLE,1668948398859136197,40:AD:BB:93:CD:93,-101
BLE,1668948400864080589,40:AD:BB:93:CD:93,-105
BLE,1668948405431545428,40:AD:BB:93:CD:93,-105
BLE,1668948406576389390,40:AD:BB:93:CD:93,-102
BLE,1668948409730370093,40:AD:BB:93:CD:93,-102
BLE,1668948414882945478,40:AD:BB:93:CD:93,-104
BLE,1668948415736640658,40:AD:BB:93:CD:93,-104
BLE,1668948416026406449,40:AD:BB:93:CD:93,-101
BLE,1668948422058739974,40:AD:BB:93:CD:93,-102
BLE,1668948426335487486,40:AD:BB:93:CD:93,-102
BLE,1668948428625477241,40:AD:BB:93:CD:93,-101
BLE,1668948430069254894,40:AD:BB:93:CD:93,-104
BLE,1668948431776748294,40:AD:BB:93:CD:93,-101
BLE,1668948432634191075,40:AD:BB:93:CD:93,-103
BLE,1668948434633044923,40:AD:BB:93:CD:93,-102
BLE,1668948438057576955,40:AD:BB:93:CD:93,-100
BLE,1668948438345068677,40:AD:BB:93:CD:93,-102
BLE,1668948446938848322,40:AD:BB:93:CD:93,-102
BLE,1668948447779080878,40:AD:BB:93:CD:93,-100
BLE,1668948448633946342,40:AD:BB:93:CD:93,-103
BLE,1668948460958760663,40:AD:BB:93:CD:93,-101
BLE,1668948461795847697,40:AD:BB:93:CD:93,-100
BLE,1668948465508385448,40:AD:BB:93:CD:93,-101
BLE,1668948465798370612,40:AD:BB:93:CD:93,-103
BLE,1668948469512363312,40:AD:BB:93:CD:93,-107
BLE,1668948471514158224,40:AD:BB:93:CD:93,-101
BLE,1668948473516084344,40:AD:BB:93:CD:93,-103
BLE,1668948478671057548,40:AD:BB:93:CD:93,-102
BLE,1668948479525346807,40:AD:BB:93:CD:93,-102
BLE,1668948481233674536,40:AD:BB:93:CD:93,-103
BLE,1668948482649914821,40:AD:BB:93:CD:93,-107
BLE,1668948485217515777,40:AD:BB:93:CD:93,-100
BLE,1668948486363804688,40:AD:BB:93:CD:93,-102
BLE,1668948488656293510,40:AD:BB:93:CD:93,-103
BLE,1668948490956261036,40:AD:BB:93:CD:93,-103
BLE,1668948492393746312,40:AD:BB:93:CD:93,-103
BLE,1668948494107568339,40:AD:BB:93:CD:93,-103
BLE,1668948497548260810,40:AD:BB:93:CD:93,-103
BLE,1668948506434826143,40:AD:BB:93:CD:93,-102
BLE,1668948508704701567,40:AD:BB:93:CD:93,-101
BLE,1668948509563277883,40:AD:BB:93:CD:93,-104
BLE,1668948515342791341,40:AD:BB:93:CD:93,-104
BLE,1668948518155133790,40:AD:BB:93:CD:93,-106
BLE,1668948519306324920,40:AD:BB:93:CD:93,-105
BLE,1668948523875173708,40:AD:BB:93:CD:93,-101
BLE,1668948527317899375,40:AD:BB:93:CD:93,-101
BLE,1668948529609182288,40:AD:BB:93:CD:93,-101
BLE,1668948531615390506,40:AD:BB:93:CD:93,-102
BLE,1668948531903990846,40:AD:BB:93:CD:93,-106
BLE,1668948532759145225,40:AD:BB:93:CD:93,-105
BLE,1668948536471741225,40:AD:BB:93:CD:93,-105
BLE,1668948541038133488,40:AD:BB:93:CD:93,-102
BLE,1668948545628132767,40:AD:BB:93:CD:93,-103
BLE,1668948553079403186,40:AD:BB:93:CD:93,-104
BLE,1668948556207017389,40:AD:BB:93:CD:93,-102
BLE,1668948557058079460,40:AD:BB:93:CD:93,-102
BLE,1668948560798156911,40:AD:BB:93:CD:93,-104
BLE,1668948562505743144,40:AD:BB:93:CD:93,-103
BLE,1668948570266777060,40:AD:BB:93:CD:93,-100
BLE,1668948573110479977,40:AD:BB:93:CD:93,-102
BLE,1668948577108467379,40:AD:BB:93:CD:93,-102
BLE,1668948578546061405,40:AD:BB:93:CD:93,-105
BLE,1668948584288384307,40:AD:BB:93:CD:93,-103
BLE,1668948584578315222,40:AD:BB:93:CD:93,-105
BLE,1668948585729699517,40:AD:BB:93:CD:93,-103
BLE,1668948587726706835,40:AD:BB:93:CD:93,-104
BLE,1668948588587025681,40:AD:BB:93:CD:93,-99
BLE,1668948589733451466,40:AD:BB:93:CD:93,-100
BLE,1668948592026029329,40:AD:BB:93:CD:93,-104
BLE,1668948592592067330,40:AD:BB:93:CD:93,-103
BLE,1668948593734730139,40:AD:BB:93:CD:93,-101
BLE,1668948594594700779,40:AD:BB:93:CD:93,-103
BLE,1668948595738377998,40:AD:BB:93:CD:93,-101
BLE,1668948597742137106,40:AD:BB:93:CD:93,-102
BLE,1668948602039280198,40:AD:BB:93:CD:93,-103
BLE,1668948603752313813,40:AD:BB:93:CD:93,-102
BLE,1668948608611079308,40:AD:BB:93:CD:93,-101
BLE,1668948608900862016,40:AD:BB:93:CD:93,-102
BLE,1668948611194860162,40:AD:BB:93:CD:93,-102
BLE,1668948614642453298,40:AD:BB:93:CD:93,-107
BLE,1668948615493523036,40:AD:BB:93:CD:93,-101
BLE,1668948618645113545,40:AD:BB:93:CD:93,-102
BLE,1668948621230182474,40:AD:BB:93:CD:93,-102
BLE,1668948623235150200,40:AD:BB:93:CD:93,-101
BLE,1668948631583098276,40:AD:BB:93:CD:93,-105
BLE,1668948632415817672,40:AD:BB:93:CD:93,-105
BLE,1668948634147789625,40:AD:BB:93:CD:93,-102
BLE,1668948636735850702,40:AD:BB:93:CD:93,-102
BLE,1668948637881486659,40:AD:BB:93:CD:93,-103
BLE,1668948642471659312,40:AD:BB:93:CD:93,-102
BLE,1668948643914174265,40:AD:BB:93:CD:93,-104
BLE,1668948645621691540,40:AD:BB:93:CD:93,-101
BLE,1668948646767734536,40:AD:BB:93:CD:93,-105
BLE,1668948652215361720,40:AD:BB:93:CD:93,-106
BLE,1668948655071740473,40:AD:BB:93:CD:93,-101
BLE,1668948655929084463,40:AD:BB:93:CD:93,-104
BLE,1668948657367271526,40:AD:BB:93:CD:93,-104
BLE,1668948659660523303,40:AD:BB:93:CD:93,-99
BLE,1668948663084418047,40:AD:BB:93:CD:93,-102
BLE,1668948665939393184,40:AD:BB:93:CD:93,-103
BLE,1668948670242021074,40:AD:BB:93:CD:93,-103
BLE,1668948671951897084,40:AD:BB:93:CD:93,-100
BLE,1668948672806989672,40:AD:BB:93:CD:93,-102
BLE,1668948676243891042,40:AD:BB:93:CD:93,-101
BLE,1668948678539370137,40:AD:BB:93:CD:93,-102
BLE,1668948681985665198,40:AD:BB:93:CD:93,-104
BLE,1668948683130050538,40:AD:BB:93:CD:93,-102
BLE,1668948684276501531,40:AD:BB:93:CD:93,-102
BLE,1668948696898775968,40:AD:BB:93:CD:93,-104
BLE,1668948699465352097,40:AD:BB:93:CD:93,-100
BLE,1668948712090767056,40:AD:BB:93:CD:93,-102
BLE,1668948719246778969,40:AD:BB:93:CD:93,-102
BLE,1668948723519983254,40:AD:BB:93:CD:93,-99
BLE,1668948734998823054,40:AD:BB:93:CD:93,-104
BLE,1668948737832455409,40:AD:BB:93:CD:93,-102
BLE,1668948739835580272,40:AD:BB:93:CD:93,-102
BLE,1668948742688164716,40:AD:BB:93:CD:93,-100
BLE,1668948748114010746,40:AD:BB:93:CD:93,-102
BLE,1668948750974087809,40:AD:BB:93:CD:93,-108
BLE,1668948752408966060,40:AD:BB:93:CD:93,-103
BLE,1668948753560219815,40:AD:BB:93:CD:93,-107
BLE,1668948759046733628,40:AD:BB:93:CD:93,-100
BLE,1668948760734034614,40:AD:BB:93:CD:93,-104
BLE,1668948761594024546,40:AD:BB:93:CD:93,-103
BLE,1668948763028999421,40:AD:BB:93:CD:93,-105
BLE,1668948766769005373,40:AD:BB:93:CD:93,-105
BLE,1668948767912171929,40:AD:BB:93:CD:93,-104
BLE,1668948768768359592,40:AD:BB:93:CD:93,-105
BLE,1668948773901635475,40:AD:BB:93:CD:93,-101
BLE,1668948778176632499,40:AD:BB:93:CD:93,-109
BLE,1668948784498737273,40:AD:BB:93:CD:93,-102
BLE,1668948786181313123,40:AD:BB:93:CD:93,-103
BLE,1668948793070755264,40:AD:BB:93:CD:93,-104
BLE,1668948794758090334,40:AD:BB:93:CD:93,-102
BLE,1668948800200743049,40:AD:BB:93:CD:93,-105
BLE,1668948801054488687,40:AD:BB:93:CD:93,-101
BLE,1668948803060235950,40:AD:BB:93:CD:93,-101
BLE,1668948804203894794,40:AD:BB:93:CD:93,-103
BLE,1668948813070771502,40:AD:BB:93:CD:93,-104
BLE,1668948821082775080,40:AD:BB:93:CD:93,-102
BLE,1668948833410833838,40:AD:BB:93:CD:93,-101
BLE,1668948836811106856,40:AD:BB:93:CD:93,-105
BLE,1668948841673734035,40:AD:BB:93:CD:93,-101
BLE,1668948844819386332,40:AD:BB:93:CD:93,-101
BLE,1668948846262449657,40:AD:BB:93:CD:93,-102
BLE,1668948849409424945,40:AD:BB:93:CD:93,-102
BLE,1668948852271190623,40:AD:BB:93:CD:93,-102
BLE,1668948853123425520,40:AD:BB:93:CD:93,-104
BLE,1668948856859896910,40:AD:BB:93:CD:93,-108
BLE,1668948860031249920,40:AD:BB:93:CD:93,-103
BLE,1668948882914879822,69:EB:23:7F:F7:7F,-102
BLE,1668948889506800638,69:EB:23:7F:F7:7F,-100
BLE,1668948894363691187,69:EB:23:7F:F7:7F,-101
BLE,1668948895219868143,69:EB:23:7F:F7:7F,-104
BLE,1668948897221736221,69:EB:23:7F:F7:7F,-105
BLE,1668948898082432690,69:EB:23:7F:F7:7F,-101
BLE,1668948899228996307,69:EB:23:7F:F7:7F,-99
BLE,1668948899809244635,69:EB:23:7F:F7:7F,-104
BLE,1668948900375637383,69:EB:23:7F:F7:7F,-105
BLE,1668948906406715499,69:EB:23:7F:F7:7F,-103
BLE,1668948910951762938,69:EB:23:7F:F7:7F,-104
BLE,1668948914101857332,69:EB:23:7F:F7:7F,-105
BLE,1668948917246932717,69:EB:23:7F:F7:7F,-103
BLE,1668948918958299592,69:EB:23:7F:F7:7F,-100
BLE,1668948922106912579,69:EB:23:7F:F7:7F,-101
BLE,1668948927262164531,69:EB:23:7F:F7:7F,-101
BLE,1668948928683389285,69:EB:23:7F:F7:7F,-102
BLE,1668948930391230099,69:EB:23:7F:F7:7F,-99
BLE,1668948931538406172,69:EB:23:7F:F7:7F,-103
BLE,1668948932391255481,69:EB:23:7F:F7:7F,-101
BLE,1668948934686001165,69:EB:23:7F:F7:7F,-102
BLE,1668948936690950599,69:EB:23:7F:F7:7F,-105
BLE,1668948940991044839,69:EB:23:7F:F7:7F,-102
BLE,1668948944410829609,69:EB:23:7F:F7:7F,-100
BLE,1668948944698197915,69:EB:23:7F:F7:7F,-106
BLE,1668948947848402641,69:EB:23:7F:F7:7F,-101
BLE,1668948950998063247,69:EB:23:7F:F7:7F,-105
BLE,1668948953295910077,69:EB:23:7F:F7:7F,-104
BLE,1668948963014774309,69:EB:23:7F:F7:7F,-106
BLE,1668948968711105252,69:EB:23:7F:F7:7F,-105
BLE,1668948969000852543,69:EB:23:7F:F7:7F,-101
BLE,1668948971589362617,69:EB:23:7F:F7:7F,-103
BLE,1668948977014555193,69:EB:23:7F:F7:7F,-103
BLE,1668948991050758681,69:EB:23:7F:F7:7F,-103
BLE,1668948993594573829,69:EB:23:7F:F7:7F,-106
BLE,1668948994451452197,69:EB:23:7F:F7:7F,-107
BLE,1668948999625916485,69:EB:23:7F:F7:7F,-102
BLE,1668949001920842001,69:EB:23:7F:F7:7F,-102
BLE,1668949004215381810,69:EB:23:7F:F7:7F,-101
BLE,1668949008220920081,69:EB:23:7F:F7:7F,-102
BLE,1668949017086768671,69:EB:23:7F:F7:7F,-104
BLE,1668949018502846082,69:EB:23:7F:F7:7F,-101
BLE,1668949018792971037,69:EB:23:7F:F7:7F,-103
BLE,1668949019940509899,69:EB:23:7F:F7:7F,-101
BLE,1668949027410788989,69:EB:23:7F:F7:7F,-100
BLE,1668949029101749952,69:EB:23:7F:F7:7F,-102
BLE,1668949029954207306,69:EB:23:7F:F7:7F,-102
BLE,1668949038258762699,69:EB:23:7F:F7:7F,-104
BLE,1668949039381442592,69:EB:23:7F:F7:7F,-103
BLE,1668949042823094932,69:EB:23:7F:F7:7F,-102
BLE,1668949049418796600,69:EB:23:7F:F7:7F,-104
BLE,1668949054524448324,69:EB:23:7F:F7:7F,-102
BLE,1668949070542655016,69:EB:23:7F:F7:7F,-101
BLE,1668949071380825210,69:EB:23:7F:F7:7F,-100
BLE,1668949072235783882,69:EB:23:7F:F7:7F,-105
BLE,1668949072524565721,69:EB:23:7F:F7:7F,-102
BLE,1668949077973562147,69:EB:23:7F:F7:7F,-106
BLE,1668949089154790830,69:EB:23:7F:F7:7F,-103
BLE,1668949089987811891,69:EB:23:7F:F7:7F,-102
BLE,1668949092571308455,69:EB:23:7F:F7:7F,-104
BLE,1668949095723798042,69:EB:23:7F:F7:7F,-104
BLE,1668949103194759502,69:EB:23:7F:F7:7F,-103
BLE,1668949104611392661,69:EB:23:7F:F7:7F,-104
BLE,1668949105470015642,69:EB:23:7F:F7:7F,-108
BLE,1668949112642734407,69:EB:23:7F:F7:7F,-101
BLE,1668949115792794427,69:EB:23:7F:F7:7F,-103
BLE,1668949117800365219,69:EB:23:7F:F7:7F,-102
BLE,1668949120385198358,69:EB:23:7F:F7:7F,-102
BLE,1668949121825091035,69:EB:23:7F:F7:7F,-102
BLE,1668949129002783227,69:EB:23:7F:F7:7F,-100
BLE,1668949135306702366,69:EB:23:7F:F7:7F,-104
BLE,1668949138699978179,69:EB:23:7F:F7:7F,-103
BLE,1668949139557103504,69:EB:23:7F:F7:7F,-99
BLE,1668949147294764110,69:EB:23:7F:F7:7F,-102
BLE,1668949148128996371,69:EB:23:7F:F7:7F,-102
BLE,1668949151275027707,69:EB:23:7F:F7:7F,-102
BLE,1668949155553170753,69:EB:23:7F:F7:7F,-103
BLE,1668949157846433653,69:EB:23:7F:F7:7F,-103
BLE,1668949158705644007,69:EB:23:7F:F7:7F,-102
BLE,1668949160704466563,69:EB:23:7F:F7:7F,-100
BLE,1668949166420771297,69:EB:23:7F:F7:7F,-100
BLE,1668949168426417685,69:EB:23:7F:F7:7F,-103
BLE,1668949177330798364,69:EB:23:7F:F7:7F,-105
BLE,1668949187371003728,69:EB:23:7F:F7:7F,-102
BLE,1668949187635985301,69:EB:23:7F:F7:7F,-103
BLE,1668949189638522667,69:EB:23:7F:F7:7F,-101
BLE,1668949193083564486,69:EB:23:7F:F7:7F,-106
BLE,1668949198822419660,69:EB:23:7F:F7:7F,-103
BLE,1668949202829128799,69:EB:23:7F:F7:7F,-102