BLE,1668189604427630742,45:E4:88:21:71:49,-104
BLE,1668189606726974727,45:E4:88:21:71:49,-101
BLE,1668189607873809979,45:E4:88:21:71:49,-104
BLE,1668189610437706809,45:E4:88:21:71:49,-106
BLE,1668189611001227042,45:E4:88:21:71:49,-102
BLE,1668189612707718153,45:E4:88:21:71:49,-104
BLE,1668189614422774129,45:E4:88:21:71:49,-101
BLE,1668189615568749016,45:E4:88:21:71:49,-104
BLE,1668189618715097415,45:E4:88:21:71:49,-102
BLE,1668189620427133549,45:E4:88:21:71:49,-100
BLE,1668189627019398438,45:E4:88:21:71:49,-102
BLE,1668189627855270099,45:E4:88:21:71:49,-107
BLE,1668189628142659029,45:E4:88:21:71:49,-102
BLE,1668189628708773901,45:E4:88:21:71:49,-101
BLE,1668189629559892854,45:E4:88:21:71:49,-103
BLE,1668189632713897504,45:E4:88:21:71:49,-103
BLE,1668189634132499523,45:E4:88:21:71:49,-104
BLE,1668189634419899079,45:E4:88:21:71:49,-101
BLE,1668189637865160909,45:E4:88:21:71:49,-103
BLE,1668189638447098401,45:E4:88:21:71:49,-103
BLE,1668189640743921288,45:E4:88:21:71:49,-103
BLE,1668189641893922965,45:E4:88:21:71:49,-101
BLE,1668189642183813077,45:E4:88:21:71:49,-105
BLE,1668189647357724736,45:E4:88:21:71:49,-102
BLE,1668189648217238557,45:E4:88:21:71:49,-101
BLE,1668189649072725880,45:E4:88:21:71:49,-105
BLE,1668189651345341071,45:E4:88:21:71:49,-103
BLE,1668189652488988066,45:E4:88:21:71:49,-101
BLE,1668189658477888361,45:E4:88:21:71:49,-105
BLE,1668189659916708578,45:E4:88:21:71:49,-103
BLE,1668189661356075872,45:E4:88:21:71:49,-103
BLE,1668189661645451906,45:E4:88:21:71:49,-104
BLE,1668189663377255951,45:E4:88:21:71:49,-104
BLE,1668189667095445785,45:E4:88:21:71:49,-101
BLE,1668189671367341292,45:E4:88:21:71:49,-105
BLE,1668189678839341950,45:E4:88:21:71:49,-102
BLE,1668189680818121864,45:E4:88:21:71:49,-102
BLE,1668189681107994559,45:E4:88:21:71:49,-105
BLE,1668189681675239127,45:E4:88:21:71:49,-100
BLE,1668189684239251247,45:E4:88:21:71:49,-102
BLE,1668189685094174201,45:E4:88:21:71:49,-106
BLE,1668189686243503343,45:E4:88:21:71:49,-103
BLE,1668189688241133677,45:E4:88:21:71:49,-102
BLE,1668189689097391241,45:E4:88:21:71:49,-102
BLE,1668189689663554863,45:E4:88:21:71:49,-106
BLE,1668189691100550099,45:E4:88:21:71:49,-102
BLE,1668189691955489053,45:E4:88:21:71:49,-101
BLE,1668189694835709916,45:E4:88:21:71:49,-99
BLE,1668189695693737711,45:E4:88:21:71:49,-103
BLE,1668189695984884310,45:E4:88:21:71:49,-101
BLE,1668189697129267839,45:E4:88:21:71:49,-103
BLE,1668189697987586631,45:E4:88:21:71:49,-106
BLE,1668189699131203293,45:E4:88:21:71:49,-103
BLE,1668189699989400795,45:E4:88:21:71:49,-104
BLE,1668189701139425720,45:E4:88:21:71:49,-104
BLE,1668189703431861697,45:E4:88:21:71:49,-101
BLE,1668189706579232419,45:E4:88:21:71:49,-102
BLE,1668189707730706412,45:E4:88:21:71:49,-106
BLE,1668189710024393667,45:E4:88:21:71:49,-104
BLE,1668189714614488688,45:E4:88:21:71:49,-101
BLE,1668189717200655776,45:E4:88:21:71:49,-102
BLE,1668189719791432564,45:E4:88:21:71:49,-102
BLE,1668189721789403561,45:E4:88:21:71:49,-102
BLE,1668189722356418632,45:E4:88:21:71:49,-102
BLE,1668189722645299505,45:E4:88:21:71:49,-102
BLE,1668189724651877742,45:E4:88:21:71:49,-101
BLE,1668189727212827312,45:E4:88:21:71:49,-103
BLE,1668189728360613429,45:E4:88:21:71:49,-100
BLE,1668189729219483131,45:E4:88:21:71:49,-104
BLE,1668189730073099266,45:E4:88:21:71:49,-101
BLE,1668189736959438597,45:E4:88:21:71:49,-103
BLE,1668189738935336083,45:E4:88:21:71:49,-103
BLE,1668189740940383837,45:E4:88:21:71:49,-101
BLE,1668189742941597924,45:E4:88:21:71:49,-101
BLE,1668189745508682636,45:E4:88:21:71:49,-101
BLE,1668189747512966564,45:E4:88:21:71:49,-101
BLE,1668189748949624346,45:E4:88:21:71:49,-104
BLE,1668189750365986264,45:E4:88:21:71:49,-106
BLE,1668189760983199500,45:E4:88:21:71:49,-102
BLE,1668189762966031620,45:E4:88:21:71:49,-102
BLE,1668189764970274174,45:E4:88:21:71:49,-102
BLE,1668189766682203142,45:E4:88:21:71:49,-102
BLE,1668189767532770018,45:E4:88:21:71:49,-102
BLE,1668189768388532213,45:E4:88:21:71:49,-103
BLE,1668189770686093217,45:E4:88:21:71:49,-101
BLE,1668189775838682233,45:E4:88:21:71:49,-101
BLE,1668189780404164562,45:E4:88:21:71:49,-103
BLE,1668189781826094503,45:E4:88:21:71:49,-101
BLE,1668189783533724434,45:E4:88:21:71:49,-100
BLE,1668189784677896382,45:E4:88:21:71:49,-103
BLE,1668189786684925990,45:E4:88:21:71:49,-102
BLE,1668189791838102624,45:E4:88:21:71:49,-101
BLE,1668189792980684005,45:E4:88:21:71:49,-101
BLE,1668189798408149129,45:E4:88:21:71:49,-105
BLE,1668189800969936897,45:E4:88:21:71:49,-106
BLE,1668189802411185629,45:E4:88:21:71:49,-101
BLE,1668189804684885558,45:E4:88:21:71:49,-101
BLE,1668189805833753830,45:E4:88:21:71:49,-106
BLE,1668189807539738613,45:E4:88:21:71:49,-104
BLE,1668189811254672191,45:E4:88:21:71:49,-102
BLE,1668189813257431553,45:E4:88:21:71:49,-102
BLE,1668189814403505064,45:E4:88:21:71:49,-101
BLE,1668189816988356041,45:E4:88:21:71:49,-102
BLE,1668189821851236151,45:E4:88:21:71:49,-102
BLE,1668189823854548174,45:E4:88:21:71:49,-103
BLE,1668189827003358380,45:E4:88:21:71:49,-102
BLE,1668189829568391447,45:E4:88:21:71:49,-102
BLE,1668189831008978144,45:E4:88:21:71:49,-104
BLE,1668189832156290016,45:E4:88:21:71:49,-103
BLE,1668189833011481509,45:E4:88:21:71:49,-104
BLE,1668189836748412224,45:E4:88:21:71:49,-104
BLE,1668189838184006142,45:E4:88:21:71:49,-103
BLE,1668189839625904450,45:E4:88:21:71:49,-103
BLE,1668189843045850138,45:E4:88:21:71:49,-102
BLE,1668189843900846757,45:E4:88:21:71:49,-101
BLE,1668189845611546823,45:E4:88:21:71:49,-105
BLE,1668189845902648505,45:E4:88:21:71:49,-100
BLE,1668189848763406287,45:E4:88:21:71:49,-103
BLE,1668189849051954747,45:E4:88:21:71:49,-102
BLE,1668189856231460821,45:E4:88:21:71:49,-102
BLE,1668189857356418227,45:E4:88:21:71:49,-102
BLE,1668189859919127694,45:E4:88:21:71:49,-103
BLE,1668189863366631375,45:E4:88:21:71:49,-105
BLE,1668189864511648522,45:E4:88:21:71:49,-103
BLE,1668189867097188159,45:E4:88:21:71:49,-104
BLE,1668189870250945437,45:E4:88:21:71:49,-105
BLE,1668189875669816611,45:E4:88:21:71:49,-103
BLE,1668189876236600517,45:E4:88:21:71:49,-105
BLE,1668189877087805678,45:E4:88:21:71:49,-102
BLE,1668189877941784684,45:E4:88:21:71:49,-103
BLE,1668189879654908848,45:E4:88:21:71:49,-101
BLE,1668189880216775682,45:E4:88:21:71:49,-102
BLE,1668189882222378097,45:E4:88:21:71:49,-101
BLE,1668189882511009681,45:E4:88:21:71:49,-101
BLE,1668189884222795693,45:E4:88:21:71:49,-101
BLE,1668189886514931339,45:E4:88:21:71:49,-102
BLE,1668189889669219444,45:E4:88:21:71:49,-102
BLE,1668189890816573357,45:E4:88:21:71:49,-105
BLE,1668189891105068567,45:E4:88:21:71:49,-105
BLE,1668189891669197752,45:E4:88:21:71:49,-101
BLE,1668189892525330818,45:E4:88:21:71:49,-102
BLE,1668189894527923182,45:E4:88:21:71:49,-100
BLE,1668189895383952957,45:E4:88:21:71:49,-103
BLE,1668189897095486305,45:E4:88:21:71:49,-102
BLE,1668189897675233279,45:E4:88:21:71:49,-104
BLE,1668189898534198731,45:E4:88:21:71:49,-104
BLE,1668189899388995645,45:E4:88:21:71:49,-103
BLE,1668189900533135343,45:E4:88:21:71:49,-102
BLE,1668189908003444186,45:E4:88:21:71:49,-104
BLE,1668189912282650530,45:E4:88:21:71:49,-104
BLE,1668189913427422388,45:E4:88:21:71:49,-102
BLE,1668189914285041688,45:E4:88:21:71:49,-105
BLE,1668189915137417753,45:E4:88:21:71:49,-103
BLE,1668189916846458253,45:E4:88:21:71:49,-100
BLE,1668189919704504981,45:E4:88:21:71:49,-101
BLE,1668189923440253209,45:E4:88:21:71:49,-104
BLE,1668189924586315386,45:E4:88:21:71:49,-104
BLE,1668189925154030615,45:E4:88:21:71:49,-105
BLE,1668189927445775183,45:E4:88:21:71:49,-103
BLE,1668189928885083060,45:E4:88:21:71:49,-103
BLE,1668189930033878000,45:E4:88:21:71:49,-102
BLE,1668189931451917941,45:E4:88:21:71:49,-101
BLE,1668189933745845110,45:E4:88:21:71:49,-108
BLE,1668189934600850979,45:E4:88:21:71:49,-102
BLE,1668189937186530073,45:E4:88:21:71:49,-101
BLE,1668189941488220549,45:E4:88:21:71:49,-102
BLE,1668189941775695979,45:E4:88:21:71:49,-101
BLE,1668189948979357708,45:E4:88:21:71:49,-101
BLE,1668189950102765297,45:E4:88:21:71:49,-102
BLE,1668189953841494410,45:E4:88:21:71:49,-104
BLE,1668189954131387105,45:E4:88:21:71:49,-107
BLE,1668189957842783929,45:E4:88:21:71:49,-99
BLE,1668189958701433176,45:E4:88:21:71:49,-106
BLE,1668189959552629587,45:E4:88:21:71:49,-105
BLE,1668189962144035035,45:E4:88:21:71:49,-105
BLE,1668189962997564421,45:E4:88:21:71:49,-101
BLE,1668189964141572620,45:E4:88:21:71:49,-101
BLE,1668189965000774903,45:E4:88:21:71:49,-101
BLE,1668189967001700285,45:E4:88:21:71:49,-103
BLE,1668189968149804690,45:E4:88:21:71:49,-103
BLE,1668189975327460534,45:E4:88:21:71:49,-106
BLE,1668189976162124499,45:E4:88:21:71:49,-103
BLE,1668189977306791025,45:E4:88:21:71:49,-103
BLE,1668189978455856045,45:E4:88:21:71:49,-103
BLE,1668189979892234496,45:E4:88:21:71:49,-100
BLE,1668189981313408195,45:E4:88:21:71:49,-103
BLE,1668189984733451465,45:E4:88:21:71:49,-101
BLE,1668189986174794738,45:E4:88:21:71:49,-103
BLE,1668189991034775254,45:E4:88:21:71:49,-103
BLE,1668189991322019186,45:E4:88:21:71:49,-102
BLE,1668189996478171830,45:E4:88:21:71:49,-102
BLE,1668189999063265638,45:E4:88:21:71:49,-103
BLE,1668190000210703259,45:E4:88:21:71:49,-106
BLE,1668190001651160082,45:E4:88:21:71:49,-102
BLE,1668190005655002200,45:E4:88:21:71:49,-101
BLE,1668190006513719362,45:E4:88:21:71:49,-100
BLE,1668190010830021139,45:E4:88:21:71:49,-103
BLE,1668190011978689496,45:E4:88:21:71:49,-102
BLE,1668190013125010879,45:E4:88:21:71:49,-107
BLE,1668190013981142986,45:E4:88:21:71:49,-103
BLE,1668190015400021211,45:E4:88:21:71:49,-99
BLE,1668190027439397177,45:E4:88:21:71:49,-100
BLE,1668190030563955854,45:E4:88:21:71:49,-100
BLE,1668190031713163331,45:E4:88:21:71:49,-101
BLE,1668190037138224313,45:E4:88:21:71:49,-102
BLE,1668190038575710586,45:E4:88:21:71:49,-102
BLE,1668190047483398661,45:E4:88:21:71:49,-101
BLE,1668190048315045742,45:E4:88:21:71:49,-104
BLE,1668190048882660722,45:E4:88:21:71:49,-103
BLE,1668190050319331920,45:E4:88:21:71:49,-105
BLE,1668190051177645421,45:E4:88:21:71:49,-102
BLE,1668190057499353364,45:E4:88:21:71:49,-103
BLE,1668190057766557097,45:E4:88:21:71:49,-102
BLE,1668190058912736064,45:E4:88:21:71:49,-100
BLE,1668190059767454479,45:E4:88:21:71:49,-103
BLE,1668190060917688736,45:E4:88:21:71:49,-105
BLE,1668190062358474306,45:E4:88:21:71:49,-103
BLE,1668190065485232751,45:E4:88:21:71:49,-103
BLE,1668190071518577399,45:E4:88:21:71:49,-104
BLE,1668190072953504241,45:E4:88:21:71:49,-104
BLE,1668190073812712065,45:E4:88:21:71:49,-102
BLE,1668190077548456168,45:E4:88:21:71:49,-102
BLE,1668190077839061272,45:E4:88:21:71:49,-102
BLE,1668190078986589891,45:E4:88:21:71:49,-103
BLE,1668190085599377517,45:E4:88:21:71:49,-104
BLE,1668190086435810671,45:E4:88:21:71:49,-103
BLE,1668190086723792429,45:E4:88:21:71:49,-106
BLE,1668190088163636843,45:E4:88:21:71:49,-103
BLE,1668190089022172799,45:E4:88:21:71:49,-102
BLE,1668190090169062592,45:E4:88:21:71:49,-103
BLE,1668190092168678113,45:E4:88:21:71:49,-101
BLE,1668190094176694168,45:E4:88:21:71:49,-103
BLE,1668190094464124640,45:E4:88:21:71:49,-100
BLE,1668190097326762528,45:E4:88:21:71:49,-103
BLE,1668190098762611276,45:E4:88:21:71:49,-102
BLE,1668190101060573401,45:E4:88:21:71:49,-102
BLE,1668190115391464812,45:E4:88:21:71:49,-103
BLE,1668190116516936337,45:E4:88:21:71:49,-103
BLE,1668190120519480593,45:E4:88:21:71:49,-105
BLE,1668190121085702672,45:E4:88:21:71:49,-102
BLE,1668190122230694236,45:E4:88:21:71:49,-103
BLE,1668190122522204539,45:E4:88:21:71:49,-101
BLE,1668190123377427573,45:E4:88:21:71:49,-89
BLE,1668190128218213714,45:E4:88:21:71:49,-107
BLE,1668190132783742750,45:E4:88:21:71:49,-102
BLE,1668190137079514832,45:E4:88:21:71:49,-101
BLE,1668190139963329865,45:E4:88:21:71:49,-102
BLE,1668190141405891083,45:E4:88:21:71:49,-100
BLE,1668190143137661879,45:E4:88:21:71:49,-104
BLE,1668190143428153817,45:E4:88:21:71:49,-100
BLE,1668190147434652531,45:E4:88:21:71:49,-102
BLE,1668190152317644714,45:E4:88:21:71:49,-103
BLE,1668190153755638690,45:E4:88:21:71:49,-101
BLE,1668190155195772851,45:E4:88:21:71:49,-102
BLE,1668190155485065261,45:E4:88:21:71:49,-101
BLE,1668190159220510617,45:E4:88:21:71:49,-101
BLE,1668190160930294442,45:E4:88:21:71:49,-101
BLE,1668190161787019334,45:E4:88:21:71:49,-104
BLE,1668190162935175114,45:E4:88:21:71:49,-102
BLE,1668190163787896217,45:E4:88:21:71:49,-102
BLE,1668190165794076833,45:E4:88:21:71:49,-103
BLE,1668190169528292452,45:E4:88:21:71:49,-103
BLE,1668190171528289136,45:E4:88:21:71:49,-103
BLE,1668190172969216496,45:E4:88:21:71:49,-104
BLE,1668190176414631575,45:E4:88:21:71:49,-102
BLE,1668190179562082629,45:E4:88:21:71:49,-105
BLE,1668190180710319533,45:E4:88:21:71:49,-103
BLE,1668190182152149425,45:E4:88:21:71:49,-102
BLE,1668190184447884449,45:E4:88:21:71:49,-101
BLE,1668190186156052000,45:E4:88:21:71:49,-102
BLE,1668190188743032288,45:E4:88:21:71:49,-100
BLE,1668190192454316863,45:E4:88:21:71:49,-101
BLE,1668190193893085872,45:E4:88:21:71:49,-104
BLE,1668190195897340968,45:E4:88:21:71:49,-100
BLE,1668190197315433950,45:E4:88:21:71:49,-104
BLE,1668190199614457731,45:E4:88:21:71:49,-102
BLE,1668190201050519060,45:E4:88:21:71:49,-102
BLE,1668190201904137237,45:E4:88:21:71:49,-102
BLE,1668190206184261863,45:E4:88:21:71:49,-101
BLE,1668190210771895661,45:E4:88:21:71:49,-106
BLE,1668190212211096790,45:E4:88:21:71:49,-102
BLE,1668190216781103320,45:E4:88:21:71:49,-102
BLE,1668190217925509098,45:E4:88:21:71:49,-100
BLE,1668190220493680215,45:E4:88:21:71:49,-105
BLE,1668190222203665996,45:E4:88:21:71:49,-102
BLE,1668190223639185082,45:E4:88:21:71:49,-101
BLE,1668190225353689897,45:E4:88:21:71:49,-101
BLE,1668190229376835514,45:E4:88:21:71:49,-101
BLE,1668190230526677608,45:E4:88:21:71:49,-100
BLE,1668190232238339955,45:E4:88:21:71:49,-102
BLE,1668190235092025231,45:E4:88:21:71:49,-100
BLE,1668190235950138942,45:E4:88:21:71:49,-102
BLE,1668190239390019872,45:E4:88:21:71:49,-103
BLE,1668190242544502225,45:E4:88:21:71:49,-102
BLE,1668190243983234026,45:E4:88:21:71:49,-100
BLE,1668190244837042450,45:E4:88:21:71:49,-104
BLE,1668190245690763459,45:E4:88:21:71:49,-102
BLE,1668190247988815957,45:E4:88:21:71:49,-103
BLE,1668190249718445776,45:E4:88:21:71:49,-101
BLE,1668190250577431394,45:E4:88:21:71:49,-100
BLE,1668190251994623553,45:E4:88:21:71:49,-102
BLE,1668190258019285503,45:E4:88:21:71:49,-101
BLE,1668190261715127705,45:E4:88:21:71:49,-102
BLE,1668190262568393551,45:E4:88:21:71:49,-102
BLE,1668190263987538189,45:E4:88:21:71:49,-103
BLE,1668190264276955848,45:E4:88:21:71:49,-100
BLE,1668190265714725909,45:E4:88:21:71:49,-102
BLE,1668190269140078372,45:E4:88:21:71:49,-103
BLE,1668190269993385801,45:E4:88:21:71:49,-102
BLE,1668190270556937993,45:E4:88:21:71:49,-101
BLE,1668190271702220720,45:E4:88:21:71:49,-103
BLE,1668190272560082226,45:E4:88:21:71:49,-103
BLE,1668190273997244502,45:E4:88:21:71:49,-100
BLE,1668190276001073810,45:E4:88:21:71:49,-103
BLE,1668190279444098123,45:E4:88:21:71:49,-102
BLE,1668190281466669563,45:E4:88:21:71:49,-103
BLE,1668190282884761128,45:E4:88:21:71:49,-102
BLE,1668190288041168311,45:E4:88:21:71:49,-104
BLE,1668190289748486621,45:E4:88:21:71:49,-101
BLE,1668190290895933283,45:E4:88:21:71:49,-101
BLE,1668190291185753938,45:E4:88:21:71:49,-102
BLE,1668190294340371831,45:E4:88:21:71:49,-102
BLE,1668190296924776522,45:E4:88:21:71:49,-102
BLE,1668190302956778809,45:E4:88:21:71:49,-103
BLE,1668190308987341529,45:E4:88:21:71:49,-105
BLE,1668190309820991963,45:E4:88:21:71:49,-102
BLE,1668190312678651862,45:E4:88:21:71:49,-102
BLE,1668190313825903527,45:E4:88:21:71:49,-101
BLE,1668190316976879293,45:E4:88:21:71:49,-103
BLE,1668190318410563606,45:E4:88:21:71:49,-103
BLE,1668190318978079046,45:E4:88:21:71:49,-102
BLE,1668190319266721339,45:E4:88:21:71:49,-101
BLE,1668190325883363839,45:E4:88:21:71:49,-104
BLE,1668190326426767373,45:E4:88:21:71:49,-103
BLE,1668190327865458091,45:E4:88:21:71:49,-104
BLE,1668190331016280609,45:E4:88:21:71:49,-102
BLE,1668190332158893907,45:E4:88:21:71:49,-104
BLE,1668190333307439266,45:E4:88:21:71:49,-101
BLE,1668190338463827532,45:E4:88:21:71:49,-103
BLE,1668190339608050979,45:E4:88:21:71:49,-103
BLE,1668190341047929059,45:E4:88:21:71:49,-104
BLE,1668190345324325517,45:E4:88:21:71:49,-103
BLE,1668190346470657358,45:E4:88:21:71:49,-106
BLE,1668190349894379297,45:E4:88:21:71:49,-101
BLE,1668190351040593264,45:E4:88:21:71:49,-103
BLE,1668190353041864434,45:E4:88:21:71:49,-101
BLE,1668190355337714248,45:E4:88:21:71:49,-102
BLE,1668190357629399983,45:E4:88:21:71:49,-101
BLE,1668190360420227439,7A:86:09:F4:F3:C2,-102
BLE,1668190361278764437,7A:86:09:F4:F3:C2,-101
BLE,1668190363570339173,7A:86:09:F4:F3:C2,-103
BLE,1668190364719048613,7A:86:09:F4:F3:C2,-102
BLE,1668190367578381161,7A:86:09:F4:F3:C2,-100
BLE,1668190372751950366,7A:86:09:F4:F3:C2,-105
BLE,1668190374733940411,7A:86:09:F4:F3:C2,-103
BLE,1668190376175425474,7A:86:09:F4:F3:C2,-102
BLE,1668190377321409443,7A:86:09:F4:F3:C2,-104
BLE,1668190381616547949,7A:86:09:F4:F3:C2,-102
BLE,1668190381907650506,7A:86:09:F4:F3:C2,-102
BLE,1668190382766443126,7A:86:09:F4:F3:C2,-102
BLE,1668190383914708613,7A:86:09:F4:F3:C2,-104
BLE,1668190384205117011,7A:86:09:F4:F3:C2,-102
BLE,1668190385915946158,7A:86:09:F4:F3:C2,-103
BLE,1668190389357296448,7A:86:09:F4:F3:C2,-102
BLE,1668190393365320019,7A:86:09:F4:F3:C2,-104
BLE,1668190396221006607,7A:86:09:F4:F3:C2,-102
BLE,1668190400520356567,7A:86:09:F4:F3:C2,-103
BLE,1668190401370179993,7A:86:09:F4:F3:C2,-103
BLE,1668190403085367843,7A:86:09:F4:F3:C2,-103
BLE,1668190404228515343,7A:86:09:F4:F3:C2,-103
BLE,1668190407085374084,7A:86:09:F4:F3:C2,-104
BLE,1668190407943442629,7A:86:09:F4:F3:C2,-101
BLE,1668190408796074858,7A:86:09:F4:F3:C2,-102
BLE,1668190410239155862,7A:86:09:F4:F3:C2,-103
BLE,1668190410527812237,7A:86:09:F4:F3:C2,-105
BLE,1668190411678074952,7A:86:09:F4:F3:C2,-103
BLE,1668190412535998957,7A:86:09:F4:F3:C2,-102
BLE,1668190417103015853,7A:86:09:F4:F3:C2,-100
BLE,1668190417954333346,7A:86:09:F4:F3:C2,-103
BLE,1668190419959745012,7A:86:09:F4:F3:C2,-102
BLE,1668190422546076807,7A:86:09:F4:F3:C2,-102
BLE,1668190427700608968,7A:86:09:F4:F3:C2,-102
BLE,1668190430535617321,7A:86:09:F4:F3:C2,-102
BLE,1668190432538708471,7A:86:09:F4:F3:C2,-103
BLE,1668190434267002554,7A:86:09:F4:F3:C2,-102
BLE,1668190435123044537,7A:86:09:F4:F3:C2,-101
BLE,1668190435978242363,7A:86:09:F4:F3:C2,-101
BLE,1668190436834323263,7A:86:09:F4:F3:C2,-101
BLE,1668190437690926449,7A:86:09:F4:F3:C2,-102
BLE,1668190438265489854,7A:86:09:F4:F3:C2,-105
BLE,1668190438836909752,7A:86:09:F4:F3:C2,-103
BLE,1668190439980590247,7A:86:09:F4:F3:C2,-101
BLE,1668190440548101353,7A:86:09:F4:F3:C2,-102
BLE,1668190450579423807,7A:86:09:F4:F3:C2,-104
BLE,1668190451998289948,7A:86:09:F4:F3:C2,-102
BLE,1668190452288661888,7A:86:09:F4:F3:C2,-105
BLE,1668190455169606744,7A:86:09:F4:F3:C2,-103
BLE,1668190456320813865,7A:86:09:F4:F3:C2,-103
BLE,1668190460322810336,7A:86:09:F4:F3:C2,-102
BLE,1668190462325154827,7A:86:09:F4:F3:C2,-104
BLE,1668190468919340779,7A:86:09:F4:F3:C2,-103
BLE,1668190470045789044,7A:86:09:F4:F3:C2,-101
BLE,1668190472904616972,7A:86:09:F4:F3:C2,-103
BLE,1668190475196533121,7A:86:09:F4:F3:C2,-104
BLE,1668190476345233061,7A:86:09:F4:F3:C2,-101
BLE,1668190476627830752,7A:86:09:F4:F3:C2,-106
BLE,1668190477198827029,7A:86:09:F4:F3:C2,-99
BLE,1668190479201573766,7A:86:09:F4:F3:C2,-101
BLE,1668190481495364603,7A:86:09:F4:F3:C2,-100
BLE,1668190482061197853,7A:86:09:F4:F3:C2,-103
BLE,1668190482916422178,7A:86:09:F4:F3:C2,-103
BLE,1668190483205105928,7A:86:09:F4:F3:C2,-101
BLE,1668190485499053013,7A:86:09:F4:F3:C2,-102
BLE,1668190488066641886,7A:86:09:F4:F3:C2,-104
BLE,1668190490922102601,7A:86:09:F4:F3:C2,-101
BLE,1668190491489460584,7A:86:09:F4:F3:C2,-104
BLE,1668190491778139876,7A:86:09:F4:F3:C2,-102
BLE,1668190498955444724,7A:86:09:F4:F3:C2,-101
BLE,1668190499792874284,7A:86:09:F4:F3:C2,-104
BLE,1668190500078965312,7A:86:09:F4:F3:C2,-102
BLE,1668190500937879764,7A:86:09:F4:F3:C2,-101
BLE,1668190502379612366,7A:86:09:F4:F3:C2,-105
BLE,1668190502670717965,7A:86:09:F4:F3:C2,-105
BLE,1668190505526545176,7A:86:09:F4:F3:C2,-102
BLE,1668190509534080336,7A:86:09:F4:F3:C2,-105
BLE,1668190510677858247,7A:86:09:F4:F3:C2,-101
BLE,1668190511532746951,7A:86:09:F4:F3:C2,-101
BLE,1668190520107482922,7A:86:09:F4:F3:C2,-103
BLE,1668190522382894791,7A:86:09:F4:F3:C2,-100
BLE,1668190523528749137,7A:86:09:F4:F3:C2,-101
BLE,1668190524383621216,7A:86:09:F4:F3:C2,-101
BLE,1668190528116564683,7A:86:09:F4:F3:C2,-103
BLE,1668190528972721290,7A:86:09:F4:F3:C2,-100
BLE,1668190530681660666,7A:86:09:F4:F3:C2,-103
BLE,1668190538175374713,7A:86:09:F4:F3:C2,-100
BLE,1668190540740641903,7A:86:09:F4:F3:C2,-102
BLE,1668190542741916656,7A:86:09:F4:F3:C2,-102
BLE,1668190543888801033,7A:86:09:F4:F3:C2,-105
BLE,1668190545329263940,7A:86:09:F4:F3:C2,-101
BLE,1668190545895066440,7A:86:09:F4:F3:C2,-100
BLE,1668190548186903548,7A:86:09:F4:F3:C2,-104
BLE,1668190549895051141,7A:86:09:F4:F3:C2,-104
BLE,1668190550755104914,7A:86:09:F4:F3:C2,-101
BLE,1668190551903828437,7A:86:09:F4:F3:C2,-104
BLE,1668190553611463411,7A:86:09:F4:F3:C2,-101
BLE,1668190553899819456,7A:86:09:F4:F3:C2,-103
BLE,1668190558762045823,7A:86:09:F4:F3:C2,-107
BLE,1668190561331366594,7A:86:09:F4:F3:C2,-103
BLE,1668190561618934022,7A:86:09:F4:F3:C2,-100
BLE,1668190565063330737,7A:86:09:F4:F3:C2,-105
BLE,1668190566501305754,7A:86:09:F4:F3:C2,-103
BLE,1668190567359458923,7A:86:09:F4:F3:C2,-102
BLE,1668190570510059443,7A:86:09:F4:F3:C2,-99
BLE,1668190572240817000,7A:86:09:F4:F3:C2,-102
BLE,1668190574831384082,7A:86:09:F4:F3:C2,-102
BLE,1668190575121329818,7A:86:09:F4:F3:C2,-103
BLE,1668190579128292610,7A:86:09:F4:F3:C2,-103
BLE,1668190586887433285,7A:86:09:F4:F3:C2,-104
BLE,1668190588305172271,7A:86:09:F4:F3:C2,-100
BLE,1668190589456551641,7A:86:09:F4:F3:C2,-101
BLE,1668190592602231339,7A:86:09:F4:F3:C2,-103
BLE,1668190594896635794,7A:86:09:F4:F3:C2,-103
BLE,1668190600931432343,7A:86:09:F4:F3:C2,-102
BLE,1668190606060840526,7A:86:09:F4:F3:C2,-103
BLE,1668190613527278077,7A:86:09:F4:F3:C2,-101
BLE,1668190615511550931,7A:86:09:F4:F3:C2,-104
BLE,1668190616655556797,7A:86:09:F4:F3:C2,-101
BLE,1668190618658105537,7A:86:09:F4:F3:C2,-103
BLE,1668190620369598718,7A:86:09:F4:F3:C2,-103
BLE,1668190622666548021,7A:86:09:F4:F3:C2,-104
BLE,1668190624394659356,7A:86:09:F4:F3:C2,-104
BLE,1668190626963509840,7A:86:09:F4:F3:C2,-101
BLE,1668190632987398465,7A:86:09:F4:F3:C2,-101
BLE,1668190634406911474,7A:86:09:F4:F3:C2,-102
BLE,1668190635265471347,7A:86:09:F4:F3:C2,-102
BLE,1668190636414919154,7A:86:09:F4:F3:C2,-104
BLE,1668190638978766817,7A:86:09:F4:F3:C2,-103
BLE,1668190640414489526,7A:86:09:F4:F3:C2,-103
BLE,1668190642419872401,7A:86:09:F4:F3:C2,-103
BLE,1668190644132432488,7A:86:09:F4:F3:C2,-103
BLE,1668190647842613700,7A:86:09:F4:F3:C2,-102
BLE,1668190649846313427,7A:86:09:F4:F3:C2,-102
BLE,1668190650136634243,7A:86:09:F4:F3:C2,-103
BLE,1668190650994173460,7A:86:09:F4:F3:C2,-101
BLE,1668190653289915525,7A:86:09:F4:F3:C2,-105
BLE,1668190656147344094,7A:86:09:F4:F3:C2,-102
BLE,1668190668767381775,7A:86:09:F4:F3:C2,-103
BLE,1668190669895682811,7A:86:09:F4:F3:C2,-105
BLE,1668190670475014790,7A:86:09:F4:F3:C2,-105
BLE,1668190671336154510,7A:86:09:F4:F3:C2,-102
BLE,1668190673630790754,7A:86:09:F4:F3:C2,-104
BLE,1668190673918752762,7A:86:09:F4:F3:C2,-102
BLE,1668190676780172370,7A:86:09:F4:F3:C2,-104
BLE,1668190677360128426,7A:86:09:F4:F3:C2,-101
BLE,1668190678218192012,7A:86:09:F4:F3:C2,-104
BLE,1668190680220891583,7A:86:09:F4:F3:C2,-102
BLE,1668190680511913266,7A:86:09:F4:F3:C2,-102
BLE,1668190681077677975,7A:86:09:F4:F3:C2,-104
BLE,1668190683933412271,7A:86:09:F4:F3:C2,-103
BLE,1668190684790674449,7A:86:09:F4:F3:C2,-105
BLE,1668190687378954056,7A:86:09:F4:F3:C2,-102
BLE,1668190687670133488,7A:86:09:F4:F3:C2,-104
BLE,1668190687958641490,7A:86:09:F4:F3:C2,-104
BLE,1668190689106979434,7A:86:09:F4:F3:C2,-106
BLE,1668190689398167240,7A:86:09:F4:F3:C2,-105
BLE,1668190690840165172,7A:86:09:F4:F3:C2,-104
BLE,1668190694283869561,7A:86:09:F4:F3:C2,-101
BLE,1668190696580488200,7A:86:09:F4:F3:C2,-101
BLE,1668190697436429810,7A:86:09:F4:F3:C2,-104
BLE,1668190698289579866,7A:86:09:F4:F3:C2,-103
BLE,1668190700020157508,7A:86:09:F4:F3:C2,-104
BLE,1668190700875015671,7A:86:09:F4:F3:C2,-104
BLE,1668190702588953076,7A:86:09:F4:F3:C2,-103
BLE,1668190704878646998,7A:86:09:F4:F3:C2,-102
BLE,1668190706030173200,7A:86:09:F4:F3:C2,-104
BLE,1668190711181485563,7A:86:09:F4:F3:C2,-103
BLE,1668190713743996990,7A:86:09:F4:F3:C2,-103
BLE,1668190714599117942,7A:86:09:F4:F3:C2,-102
BLE,1668190715455257674,7A:86:09:F4:F3:C2,-103
BLE,1668190717167809553,7A:86:09:F4:F3:C2,-102
BLE,1668190718021582603,7A:86:09:F4:F3:C2,-101
BLE,1668190723172970089,7A:86:09:F4:F3:C2,-102
BLE,1668190726908720275,7A:86:09:F4:F3:C2,-101
BLE,1668190729201725828,7A:86:09:F4:F3:C2,-103
BLE,1668190730057788978,7A:86:09:F4:F3:C2,-103
BLE,1668190732060488424,7A:86:09:F4:F3:C2,-103
BLE,1668190732914247974,7A:86:09:F4:F3:C2,-100
BLE,1668190733773106885,7A:86:09:F4:F3:C2,-105
BLE,1668190736338055203,7A:86:09:F4:F3:C2,-100
BLE,1668190737191754629,7A:86:09:F4:F3:C2,-103
BLE,1668190738629819603,7A:86:09:F4:F3:C2,-105
BLE,1668190742929352645,7A:86:09:F4:F3:C2,-105
BLE,1668190743786557616,7A:86:09:F4:F3:C2,-106
BLE,1668190744074295001,7A:86:09:F4:F3:C2,-103
BLE,1668190745788538069,7A:86:09:F4:F3:C2,-102
BLE,1668190746350704359,7A:86:09:F4:F3:C2,-103
BLE,1668190749793095095,7A:86:09:F4:F3:C2,-102
BLE,1668190752084366334,7A:86:09:F4:F3:C2,-104
BLE,1668190752940541191,7A:86:09:F4:F3:C2,-101
BLE,1668190754946098439,7A:86:09:F4:F3:C2,-100
BLE,1668190755802484669,7A:86:09:F4:F3:C2,-101
BLE,1668190756089708893,7A:86:09:F4:F3:C2,-103
BLE,1668190756944689888,7A:86:09:F4:F3:C2,-103
BLE,1668190760661191324,7A:86:09:F4:F3:C2,-102
BLE,1668190764954558307,7A:86:09:F4:F3:C2,-99
BLE,1668190765809357262,7A:86:09:F4:F3:C2,-103
BLE,1668190767253272091,7A:86:09:F4:F3:C2,-103
BLE,1668190767544945891,7A:86:09:F4:F3:C2,-100
BLE,1668190768396801045,7A:86:09:F4:F3:C2,-103
BLE,1668190770110768950,7A:86:09:F4:F3:C2,-104
BLE,1668190771259455265,7A:86:09:F4:F3:C2,-102
BLE,1668190772112591905,7A:86:09:F4:F3:C2,-103
BLE,1668190774114470694,7A:86:09:F4:F3:C2,-101
BLE,1668190775265514025,7A:86:09:F4:F3:C2,-103
BLE,1668190776409393435,7A:86:09:F4:F3:C2,-102
BLE,1668190777555517444,7A:86:09:F4:F3:C2,-104
BLE,1668190778410736062,7A:86:09:F4:F3:C2,-103
BLE,1668190779855826211,7A:86:09:F4:F3:C2,-101
BLE,1668190780143089768,7A:86:09:F4:F3:C2,-103
BLE,1668190780999343457,7A:86:09:F4:F3:C2,-99
BLE,1668190783568237107,7A:86:09:F4:F3:C2,-101
BLE,1668190786150705777,7A:86:09:F4:F3:C2,-104
BLE,1668190787005657398,7A:86:09:F4:F3:C2,-102
BLE,1668190787860551310,7A:86:09:F4:F3:C2,-101
BLE,1668190788427496756,7A:86:09:F4:F3:C2,-101
BLE,1668190793869447681,7A:86:09:F4:F3:C2,-103
BLE,1668190794728155094,7A:86:09:F4:F3:C2,-103
BLE,1668190795015457776,7A:86:09:F4:F3:C2,-104
BLE,1668190795874380061,7A:86:09:F4:F3:C2,-103
BLE,1668190798166967327,7A:86:09:F4:F3:C2,-102
BLE,1668190801903083051,7A:86:09:F4:F3:C2,-102
BLE,1668190802760803641,7A:86:09:F4:F3:C2,-103
BLE,1668190809647376011,7A:86:09:F4:F3:C2,-103
BLE,1668190812481743580,7A:86:09:F4:F3:C2,-102
BLE,1668190819383428578,7A:86:09:F4:F3:C2,-105
BLE,1668190820220806097,7A:86:09:F4:F3:C2,-104
BLE,1668190821648791305,7A:86:09:F4:F3:C2,-103
BLE,1668190826521002897,7A:86:09:F4:F3:C2,-102
BLE,1668190830525941461,7A:86:09:F4:F3:C2,-104
BLE,1668190830816475316,7A:86:09:F4:F3:C2,-103
BLE,1668190838603415648,7A:86:09:F4:F3:C2,-103
BLE,1668190840290914673,7A:86:09:F4:F3:C2,-101
BLE,1668190841146009666,7A:86:09:F4:F3:C2,-109
BLE,1668190843145346857,7A:86:09:F4:F3:C2,-103
BLE,1668190847151686739,7A:86:09:F4:F3:C2,-102
BLE,1668190847441150730,7A:86:09:F4:F3:C2,-99
BLE,1668190850009810008,7A:86:09:F4:F3:C2,-101
BLE,1668190854891281042,7A:86:09:F4:F3:C2,-100
BLE,1668190859755107766,7A:86:09:F4:F3:C2,-107
BLE,1668190863193673752,7A:86:09:F4:F3:C2,-102
BLE,1668190864637341125,7A:86:09:F4:F3:C2,-101
BLE,1668190870643332069,7A:86:09:F4:F3:C2,-104
BLE,1668190871769288672,7A:86:09:F4:F3:C2,-103
BLE,1668190873478744334,7A:86:09:F4:F3:C2,-103
BLE,1668190874335056981,7A:86:09:F4:F3:C2,-101
BLE,1668190875769950907,7A:86:09:F4:F3:C2,-105
BLE,1668190881486211237,7A:86:09:F4:F3:C2,-102
BLE,1668190887493351169,7A:86:09:F4:F3:C2,-101
BLE,1668190888641279409,7A:86:09:F4:F3:C2,-103
BLE,1668190890083841169,7A:86:09:F4:F3:C2,-100
BLE,1668190894379624126,7A:86:09:F4:F3:C2,-103
BLE,1668190895525231266,7A:86:09:F4:F3:C2,-100
BLE,1668190896676311097,7A:86:09:F4:F3:C2,-102
BLE,1668190897530238437,7A:86:09:F4:F3:C2,-101
BLE,1668190898678779546,7A:86:09:F4:F3:C2,-101
BLE,1668190901515917417,7A:86:09:F4:F3:C2,-101
BLE,1668190901806340482,7A:86:09:F4:F3:C2,-101
BLE,1668190905807780042,7A:86:09:F4:F3:C2,-103
BLE,1668190907250286760,7A:86:09:F4:F3:C2,-102
BLE,1668190907540064082,7A:86:09:F4:F3:C2,-101
BLE,1668190912401600289,7A:86:09:F4:F3:C2,-102
BLE,1668190913550366354,7A:86:09:F4:F3:C2,-105
BLE,1668190917530448770,7A:86:09:F4:F3:C2,-102
BLE,1668190919537090882,7A:86:09:F4:F3:C2,-102
BLE,1668190922099644934,7A:86:09:F4:F3:C2,-101
BLE,1668190922956555824,7A:86:09:F4:F3:C2,-101
BLE,1668190926691729725,7A:86:09:F4:F3:C2,-102
BLE,1668190929840417349,7A:86:09:F4:F3:C2,-103
BLE,1668190932426695561,7A:86:09:F4:F3:C2,-103
BLE,1668190933281673431,7A:86:09:F4:F3:C2,-104
BLE,1668190934701577977,7A:86:09:F4:F3:C2,-99
BLE,1668190935845978423,7A:86:09:F4:F3:C2,-104
BLE,1668190936700783628,7A:86:09:F4:F3:C2,-101
BLE,1668190940147976187,7A:86:09:F4:F3:C2,-104
BLE,1668190940438289253,7A:86:09:F4:F3:C2,-101
BLE,1668190942731060017,7A:86:09:F4:F3:C2,-101
BLE,1668190943590263716,7A:86:09:F4:F3:C2,-104
BLE,1668190944446888235,7A:86:09:F4:F3:C2,-100
BLE,1668190947886858831,7A:86:09:F4:F3:C2,-102
BLE,1668190951601863283,7A:86:09:F4:F3:C2,-101
BLE,1668190952747750337,7A:86:09:F4:F3:C2,-102
BLE,1668190954184985863,7A:86:09:F4:F3:C2,-101
BLE,1668190957629981654,7A:86:09:F4:F3:C2,-104
BLE,1668190967099392482,7A:86:09:F4:F3:C2,-104
BLE,1668190968790028431,7A:86:09:F4:F3:C2,-103
BLE,1668190969645487504,7A:86:09:F4:F3:C2,-101
BLE,1668190970794264360,7A:86:09:F4:F3:C2,-100
BLE,1668190971646802132,7A:86:09:F4:F3:C2,-102
BLE,1668190973943022734,7A:86:09:F4:F3:C2,-102
BLE,1668190975087829008,7A:86:09:F4:F3:C2,-103
BLE,1668190978803057916,7A:86:09:F4:F3:C2,-103
BLE,1668190981386842363,7A:86:09:F4:F3:C2,-106
BLE,1668190983389358436,7A:86:09:F4:F3:C2,-101
BLE,1668190988273263652,7A:86:09:F4:F3:C2,-103
BLE,1668190988836822218,7A:86:09:F4:F3:C2,-103
BLE,1668190989986996934,7A:86:09:F4:F3:C2,-102
BLE,1668190991988939680,7A:86:09:F4:F3:C2,-103
BLE,1668191002611525733,7A:86:09:F4:F3:C2,-102
BLE,1668191003733922167,7A:86:09:F4:F3:C2,-105
BLE,1668191012351410383,7A:86:09:F4:F3:C2,-103
BLE,1668191019503342256,7A:86:09:F4:F3:C2,-104
BLE,1668191021189690376,7A:86:09:F4:F3:C2,-102
BLE,1668191023759632765,7A:86:09:F4:F3:C2,-102
BLE,1668191027761501570,7A:86:09:F4:F3:C2,-102
BLE,1668191028325944460,7A:86:09:F4:F3:C2,-102
BLE,1668191029762223746,7A:86:09:F4:F3:C2,-104
BLE,1668191030618506643,7A:86:09:F4:F3:C2,-102
BLE,1668191032331596974,7A:86:09:F4:F3:C2,-101
BLE,1668191032619594107,7A:86:09:F4:F3:C2,-103
BLE,1668191036066765916,7A:86:09:F4:F3:C2,-100
BLE,1668191042951360350,7A:86:09:F4:F3:C2,-102
BLE,1668191044637227600,7A:86:09:F4:F3:C2,-103
BLE,1668191048061039204,7A:86:09:F4:F3:C2,-102
BLE,1668191048348366219,7A:86:09:F4:F3:C2,-103
BLE,1668191050062128793,7A:86:09:F4:F3:C2,-101
BLE,1668191051211112605,7A:86:09:F4:F3:C2,-102
BLE,1668191053497729186,7A:86:09:F4:F3:C2,-104
BLE,1668191055503132436,7A:86:09:F4:F3:C2,-101
BLE,1668191058655654435,7A:86:09:F4:F3:C2,-100
BLE,1668191059513737522,7A:86:09:F4:F3:C2,-103
BLE,1668191059804676331,7A:86:09:F4:F3:C2,-106
BLE,1668191060950602176,7A:86:09:F4:F3:C2,-101
BLE,1668191061514511989,7A:86:09:F4:F3:C2,-102
BLE,1668191062659337429,7A:86:09:F4:F3:C2,-102
BLE,1668191063514356757,7A:86:09:F4:F3:C2,-102
BLE,1668191066668595529,7A:86:09:F4:F3:C2,-104
BLE,1668191070378734701,7A:86:09:F4:F3:C2,-101
BLE,1668191073235030157,7A:86:09:F4:F3:C2,-105
BLE,1668191078948787139,7A:86:09:F4:F3:C2,-106
BLE,1668191080952055995,7A:86:09:F4:F3:C2,-103
BLE,1668191081810057208,7A:86:09:F4:F3:C2,-100
BLE,1668191082098676833,7A:86:09:F4:F3:C2,-101
BLE,1668191082662322315,7A:86:09:F4:F3:C2,-106
BLE,1668191086107493355,7A:86:09:F4:F3:C2,-102
BLE,1668191086958679933,7A:86:09:F4:F3:C2,-102
BLE,1668191101879291877,7A:86:09:F4:F3:C2,-102
BLE,1668191102421889211,7A:86:09:F4:F3:C2,-103
BLE,1668191106423351854,7A:86:09:F4:F3:C2,-101
BLE,1668191106713734336,7A:86:09:F4:F3:C2,-103
BLE,1668191109576397056,7A:86:09:F4:F3:C2,-101
BLE,1668191110723825469,7A:86:09:F4:F3:C2,-104
BLE,1668191111867647170,7A:86:09:F4:F3:C2,-102
BLE,1668191114161468715,7A:86:09:F4:F3:C2,-102
BLE,1668191117022855782,7A:86:09:F4:F3:C2,-105
BLE,1668191118168306674,7A:86:09:F4:F3:C2,-103
BLE,1668191119315136968,7A:86:09:F4:F3:C2,-107
BLE,1668191120171577781,7A:86:09:F4:F3:C2,-105
BLE,1668191120461359019,7A:86:09:F4:F3:C2,-104
BLE,1668191125053542601,7A:86:09:F4:F3:C2,-106
BLE,1668191127344365553,7A:86:09:F4:F3:C2,-105
BLE,1668191127915214040,7A:86:09:F4:F3:C2,-101
BLE,1668191129058972617,7A:86:09:F4:F3:C2,-103
BLE,1668191132208990102,7A:86:09:F4:F3:C2,-101
BLE,1668191133063384978,7A:86:09:F4:F3:C2,-101
BLE,1668191133920257369,7A:86:09:F4:F3:C2,-104
BLE,1668191135065823635,7A:86:09:F4:F3:C2,-103
BLE,1668191140762835799,7A:86:09:F4:F3:C2,-103
BLE,1668191145348672116,7A:86:09:F4:F3:C2,-102
BLE,1668191146202696371,7A:86:09:F4:F3:C2,-101
BLE,1668191151067297129,7A:86:09:F4:F3:C2,-102
BLE,1668191151355293053,7A:86:09:F4:F3:C2,-101
BLE,1668191152214678042,7A:86:09:F4:F3:C2,-104
BLE,1668191154506633315,7A:86:09:F4:F3:C2,-105
BLE,1668191157070588019,7A:86:09:F4:F3:C2,-105
BLE,1668191157927958030,7A:86:09:F4:F3:C2,-101
BLE,1668191158218534176,7A:86:09:F4:F3:C2,-103
BLE,1668191159076599596,7A:86:09:F4:F3:C2,-101
BLE,1668191160224874749,7A:86:09:F4:F3:C2,-102
BLE,1668191161078642924,7A:86:09:F4:F3:C2,-101
BLE,1668191161368465495,7A:86:09:F4:F3:C2,-104
BLE,1668191161935247984,7A:86:09:F4:F3:C2,-103
BLE,1668191162789263490,7A:86:09:F4:F3:C2,-102
BLE,1668191165082580498,7A:86:09:F4:F3:C2,-103
BLE,1668191166231175273,7A:86:09:F4:F3:C2,-105
BLE,1668191167960567803,7A:86:09:F4:F3:C2,-101
BLE,1668191169963070709,7A:86:09:F4:F3:C2,-104
BLE,1668191170820372387,7A:86:09:F4:F3:C2,-102
BLE,1668191171110373289,7A:86:09:F4:F3:C2,-101
BLE,1668191171965578282,7A:86:09:F4:F3:C2,-103
BLE,1668191172824225821,7A:86:09:F4:F3:C2,-102
BLE,1668191175411836477,7A:86:09:F4:F3:C2,-99
BLE,1668191177118109090,7A:86:09:F4:F3:C2,-103
BLE,1668191182546262414,7A:86:09:F4:F3:C2,-100
BLE,1668191184543200922,7A:86:09:F4:F3:C2,-100
BLE,1668191185400723890,7A:86:09:F4:F3:C2,-102
BLE,1668191187694557184,7A:86:09:F4:F3:C2,-100
BLE,1668191188843073751,7A:86:09:F4:F3:C2,-105
BLE,1668191190553259864,7A:86:09:F4:F3:C2,-105
BLE,1668191193700765292,7A:86:09:F4:F3:C2,-103
BLE,1668191197705741772,7A:86:09:F4:F3:C2,-103
BLE,1668191199419480888,7A:86:09:F4:F3:C2,-104
BLE,1668191200000551139,7A:86:09:F4:F3:C2,-99
BLE,1668191200859409800,7A:86:09:F4:F3:C2,-103
BLE,1668191202004874818,7A:86:09:F4:F3:C2,-102
BLE,1668191203717037659,7A:86:09:F4:F3:C2,-102
BLE,1668191207157090795,7A:86:09:F4:F3:C2,-102
BLE,1668191208015766042,7A:86:09:F4:F3:C2,-102
BLE,1668191209163073164,7A:86:09:F4:F3:C2,-101
BLE,1668191210017098836,7A:86:09:F4:F3:C2,-102
BLE,1668191213732161829,7A:86:09:F4:F3:C2,-101
BLE,1668191216314598750,7A:86:09:F4:F3:C2,-102
BLE,1668191221783325968,7A:86:09:F4:F3:C2,-102
BLE,1668191222616432241,7A:86:09:F4:F3:C2,-100
BLE,1668191223472049187,7A:86:09:F4:F3:C2,-102
BLE,1668191224324436419,7A:86:09:F4:F3:C2,-102
BLE,1668191227451988980,7A:86:09:F4:F3:C2,-102
BLE,1668191230332006262,7A:86:09:F4:F3:C2,-104
BLE,1668191234632032548,7A:86:09:F4:F3:C2,-102
BLE,1668191235488119198,7A:86:09:F4:F3:C2,-104
BLE,1668191236925799260,7A:86:09:F4:F3:C2,-101
BLE,1668191237783199854,7A:86:09:F4:F3:C2,-101
BLE,1668191242642908373,7A:86:09:F4:F3:C2,-105
BLE,1668191244645434487,7A:86:09:F4:F3:C2,-103
BLE,1668191245793265687,7A:86:09:F4:F3:C2,-101
BLE,1668191246084470368,7A:86:09:F4:F3:C2,-101
BLE,1668191250091123413,7A:86:09:F4:F3:C2,-103
BLE,1668191251239737438,7A:86:09:F4:F3:C2,-104
BLE,1668191252386030154,7A:86:09:F4:F3:C2,-102
BLE,1668191254680549775,7A:86:09:F4:F3:C2,-102
BLE,1668191258687293944,7A:86:09:F4:F3:C2,-103
BLE,1668191258974673250,7A:86:09:F4:F3:C2,-101
BLE,1668191260712296148,53:08:19:87:D2:C5,-101
BLE,1668191263593240046,53:08:19:87:D2:C5,-101
BLE,1668191264738698480,53:08:19:87:D2:C5,-102
BLE,1668191267862547997,53:08:19:87:D2:C5,-101
BLE,1668191268717426160,53:08:19:87:D2:C5,-103
BLE,1668191270433030214,53:08:19:87:D2:C5,-106
BLE,1668191279047421047,53:08:19:87:D2:C5,-101
BLE,1668191279878775340,53:08:19:87:D2:C5,-104
BLE,1668191280732337891,53:08:19:87:D2:C5,-102
BLE,1668191281299663250,53:08:19:87:D2:C5,-107
BLE,1668191282734967088,53:08:19:87:D2:C5,-103
BLE,1668191287014956508,53:08:19:87:D2:C5,-103
BLE,1668191294171453164,53:08:19:87:D2:C5,-104
BLE,1668191296440100731,53:08:19:87:D2:C5,-103
BLE,1668191298153893055,53:08:19:87:D2:C5,-103
BLE,1668191301007640580,53:08:19:87:D2:C5,-107
BLE,1668191302448279443,53:08:19:87:D2:C5,-101
BLE,1668191304741287788,53:08:19:87:D2:C5,-102
BLE,1668191306456367431,53:08:19:87:D2:C5,-100
BLE,1668191306743570114,53:08:19:87:D2:C5,-102
BLE,1668191308188699387,53:08:19:87:D2:C5,-102
BLE,1668191312193833782,53:08:19:87:D2:C5,-103
BLE,1668191312481096797,53:08:19:87:D2:C5,-102
BLE,1668191314487559994,53:08:19:87:D2:C5,-103
BLE,1668191314771626461,53:08:19:87:D2:C5,-106
BLE,1668191317053859923,53:08:19:87:D2:C5,-102
BLE,1668191318201369292,53:08:19:87:D2:C5,-101
BLE,1668191318489553631,53:08:19:87:D2:C5,-104
BLE,1668191320491291796,53:08:19:87:D2:C5,-103
BLE,1668191321641192140,53:08:19:87:D2:C5,-105
BLE,1668191324227545810,53:08:19:87:D2:C5,-102
BLE,1668191329087511034,53:08:19:87:D2:C5,-103
BLE,1668191330234938197,53:08:19:87:D2:C5,-101
BLE,1668191331093942815,53:08:19:87:D2:C5,-104
BLE,1668191331943871739,53:08:19:87:D2:C5,-105
BLE,1668191332508676917,53:08:19:87:D2:C5,-104
BLE,1668191337659718033,53:08:19:87:D2:C5,-103
BLE,1668191340246551905,53:08:19:87:D2:C5,-102
BLE,1668191343397317174,53:08:19:87:D2:C5,-105
BLE,1668191348529846573,53:08:19:87:D2:C5,-102
BLE,1668191350534065961,53:08:19:87:D2:C5,-103
BLE,1668191351677883995,53:08:19:87:D2:C5,-105
BLE,1668191353122342568,53:08:19:87:D2:C5,-102
BLE,1668191356832952734,53:08:19:87:D2:C5,-104
BLE,1668191359980480662,53:08:19:87:D2:C5,-100
BLE,1668191361130591004,53:08:19:87:D2:C5,-103
BLE,1668191362545848267,53:08:19:87:D2:C5,-103
BLE,1668191365404308783,53:08:19:87:D2:C5,-104
BLE,1668191366261470463,53:08:19:87:D2:C5,-103
BLE,1668191367970605545,53:08:19:87:D2:C5,-101
BLE,1668191368825339917,53:08:19:87:D2:C5,-100
BLE,1668191369969294201,53:08:19:87:D2:C5,-102
BLE,1668191370828336569,53:08:19:87:D2:C5,-100
BLE,1668191372853551312,53:08:19:87:D2:C5,-104
BLE,1668191373142067356,53:08:19:87:D2:C5,-105
BLE,1668191374857334497,53:08:19:87:D2:C5,-104
BLE,1668191376002890679,53:08:19:87:D2:C5,-105
BLE,1668191379737342171,53:08:19:87:D2:C5,-102
BLE,1668191384303118830,53:08:19:87:D2:C5,-103
BLE,1668191385159297145,53:08:19:87:D2:C5,-102
BLE,1668191386597325287,53:08:19:87:D2:C5,-101
BLE,1668191391461844463,53:08:19:87:D2:C5,-101
BLE,1668191392608800255,53:08:19:87:D2:C5,-103
BLE,1668191394608018447,53:08:19:87:D2:C5,-101
BLE,1668191399449331790,53:08:19:87:D2:C5,-101
BLE,1668191401739942870,53:08:19:87:D2:C5,-100
BLE,1668191404893083862,53:08:19:87:D2:C5,-103
BLE,1668191406603074185,53:08:19:87:D2:C5,-101
BLE,1668191407459129210,53:08:19:87:D2:C5,-102
BLE,1668191408315586564,53:08:19:87:D2:C5,-100
BLE,1668191410045488505,53:08:19:87:D2:C5,-101
BLE,1668191411195012561,53:08:19:87:D2:C5,-105
BLE,1668191413486873752,53:08:19:87:D2:C5,-102
BLE,1668191416346562588,53:08:19:87:D2:C5,-101
BLE,1668191417494016833,53:08:19:87:D2:C5,-101
BLE,1668191417782581085,53:08:19:87:D2:C5,-103
BLE,1668191418934378992,53:08:19:87:D2:C5,-100
BLE,1668191420665132465,53:08:19:87:D2:C5,-105
BLE,1668191423525600959,53:08:19:87:D2:C5,-104
BLE,1668191423812963265,53:08:19:87:D2:C5,-104
BLE,1668191424960551550,53:08:19:87:D2:C5,-102
BLE,1668191426400258799,53:08:19:87:D2:C5,-101
BLE,1668191428113924790,53:08:19:87:D2:C5,-101
BLE,1668191428402628415,53:08:19:87:D2:C5,-102
BLE,1668191430117128981,53:08:19:87:D2:C5,-102
BLE,1668191432412098263,53:08:19:87:D2:C5,-103
BLE,1668191433854057112,53:08:19:87:D2:C5,-100
BLE,1668191434142721071,53:08:19:87:D2:C5,-104
BLE,1668191434999112842,53:08:19:87:D2:C5,-102
BLE,1668191437564134576,53:08:19:87:D2:C5,-101
BLE,1668191438420643096,53:08:19:87:D2:C5,-101
BLE,1668191438710133671,53:08:19:87:D2:C5,-104
BLE,1668191439568339839,53:08:19:87:D2:C5,-105
BLE,1668191447871503791,53:08:19:87:D2:C5,-103
BLE,1668191448703400161,53:08:19:87:D2:C5,-103
BLE,1668191451016021669,53:08:19:87:D2:C5,-102
BLE,1668191452166370675,53:08:19:87:D2:C5,-101
BLE,1668191453877301571,53:08:19:87:D2:C5,-101
BLE,1668191454732276524,53:08:19:87:D2:C5,-101
BLE,1668191456151544077,53:08:19:87:D2:C5,-102
BLE,1668191457881547100,53:08:19:87:D2:C5,-100
BLE,1668191459030096959,53:08:19:87:D2:C5,-102
BLE,1668191463036573714,53:08:19:87:D2:C5,-101
BLE,1668191466183988227,53:08:19:87:D2:C5,-101
BLE,1668191467331511805,53:08:19:87:D2:C5,-103
BLE,1668191467622645862,53:08:19:87:D2:C5,-101
BLE,1668191468771059556,53:08:19:87:D2:C5,-104
BLE,1668191472211128900,53:08:19:87:D2:C5,-102
BLE,1668191475634937630,53:08:19:87:D2:C5,-102
BLE,1668191477639950092,53:08:19:87:D2:C5,-101
BLE,1668191481076859305,53:08:19:87:D2:C5,-101
BLE,1668191481936765038,53:08:19:87:D2:C5,-101
BLE,1668191482515877186,53:08:19:87:D2:C5,-102
BLE,1668191485375604729,53:08:19:87:D2:C5,-104
BLE,1668191485939613791,53:08:19:87:D2:C5,-101
BLE,1668191486231661963,53:08:19:87:D2:C5,-107
BLE,1668191487382379381,53:08:19:87:D2:C5,-105
BLE,1668191488797254774,53:08:19:87:D2:C5,-105
BLE,1668191490238523089,53:08:19:87:D2:C5,-103
BLE,1668191491948592369,53:08:19:87:D2:C5,-103
BLE,1668191492236671042,53:08:19:87:D2:C5,-100
BLE,1668191493093408435,53:08:19:87:D2:C5,-103
BLE,1668191497101861419,53:08:19:87:D2:C5,-103
BLE,1668191500518719682,53:08:19:87:D2:C5,-103
BLE,1668191502227274145,53:08:19:87:D2:C5,-101
BLE,1668191509431375120,53:08:19:87:D2:C5,-104
BLE,1668191511412454925,53:08:19:87:D2:C5,-103
BLE,1668191515708194299,53:08:19:87:D2:C5,-102
BLE,1668191518297547811,53:08:19:87:D2:C5,-101
BLE,1668191521151377668,53:08:19:87:D2:C5,-104
BLE,1668191524592770499,53:08:19:87:D2:C5,-106
BLE,1668191525160112941,53:08:19:87:D2:C5,-102
BLE,1668191526595021450,53:08:19:87:D2:C5,-104
BLE,1668191528868913627,53:08:19:87:D2:C5,-101
BLE,1668191529725166816,53:08:19:87:D2:C5,-103
BLE,1668191530871806862,53:08:19:87:D2:C5,-103
BLE,1668191531728264591,53:08:19:87:D2:C5,-100
BLE,1668191534877756831,53:08:19:87:D2:C5,-104
BLE,1668191536026463772,53:08:19:87:D2:C5,-104
BLE,1668191538885868361,53:08:19:87:D2:C5,-107
BLE,1668191541449578734,53:08:19:87:D2:C5,-106
BLE,1668191549479393520,53:08:19:87:D2:C5,-101
BLE,1668191551170045427,53:08:19:87:D2:C5,-100
BLE,1668191551461839852,53:08:19:87:D2:C5,-104
BLE,1668191551750888806,53:08:19:87:D2:C5,-101
BLE,1668191553757679374,53:08:19:87:D2:C5,-104
BLE,1668191560075406152,53:08:19:87:D2:C5,-104
BLE,1668191563765419333,53:08:19:87:D2:C5,-101
BLE,1668191564626555428,53:08:19:87:D2:C5,-102
BLE,1668191568064218049,53:08:19:87:D2:C5,-102
BLE,1668191570656746319,53:08:19:87:D2:C5,-101
BLE,1668191571800180149,53:08:19:87:D2:C5,-104
BLE,1668191572090243384,53:08:19:87:D2:C5,-102
BLE,1668191575537820606,53:08:19:87:D2:C5,-89
BLE,1668191576686010302,53:08:19:87:D2:C5,-102
BLE,1668191577830956408,53:08:19:87:D2:C5,-102
BLE,1668191584447419661,53:08:19:87:D2:C5,-100
BLE,1668191588157879370,53:08:19:87:D2:C5,-105
BLE,1668191588721050066,53:08:19:87:D2:C5,-100
BLE,1668191593852908597,53:08:19:87:D2:C5,-104
BLE,1668191595564202781,53:08:19:87:D2:C5,-103
BLE,1668191598709172070,53:08:19:87:D2:C5,-102
BLE,1668191600126267147,53:08:19:87:D2:C5,-101
BLE,1668191600985268640,53:08:19:87:D2:C5,-103
BLE,1668191602132528763,53:08:19:87:D2:C5,-101
BLE,1668191612771386723,53:08:19:87:D2:C5,-103
BLE,1668191613609176321,53:08:19:87:D2:C5,-104
BLE,1668191614753107604,53:08:19:87:D2:C5,-101
BLE,1668191615608074683,53:08:19:87:D2:C5,-100
BLE,1668191615899214656,53:08:19:87:D2:C5,-102
BLE,1668191617052622129,53:08:19:87:D2:C5,-104
BLE,1668191617338741782,53:08:19:87:D2:C5,-104
BLE,1668191618759948064,53:08:19:87:D2:C5,-106
BLE,1668191621051946962,53:08:19:87:D2:C5,-101
BLE,1668191622203406914,53:08:19:87:D2:C5,-102
BLE,1668191625350091518,53:08:19:87:D2:C5,-100
BLE,1668191626497030603,53:08:19:87:D2:C5,-102
BLE,1668191627355605475,53:08:19:87:D2:C5,-101
BLE,1668191628208231704,53:08:19:87:D2:C5,-104
BLE,1668191630774631298,53:08:19:87:D2:C5,-102
BLE,1668191639955379625,53:08:19:87:D2:C5,-106
BLE,1668191641932523265,53:08:19:87:D2:C5,-104
BLE,1668191644227086343,53:08:19:87:D2:C5,-104
BLE,1668191645083168951,53:08:19:87:D2:C5,-101
BLE,1668191647087637003,53:08:19:87:D2:C5,-105
BLE,1668191649088402720,53:08:19:87:D2:C5,-104
BLE,1668191650800087149,53:08:19:87:D2:C5,-101
BLE,1668191653388964500,53:08:19:87:D2:C5,-101
BLE,1668191653678779779,53:08:19:87:D2:C5,-102
BLE,1668191654828860871,53:08:19:87:D2:C5,-102
BLE,1668191655680403028,53:08:19:87:D2:C5,-102
BLE,1668191657100913443,53:08:19:87:D2:C5,-101
BLE,1668191657958591576,53:08:19:87:D2:C5,-105
BLE,1668191660247078595,53:08:19:87:D2:C5,-104
BLE,1668191661104441605,53:08:19:87:D2:C5,-103
BLE,1668191661395619162,53:08:19:87:D2:C5,-105
BLE,1668191667132929848,53:08:19:87:D2:C5,-103
BLE,1668191667991969132,53:08:19:87:D2:C5,-103
BLE,1668191671993344442,53:08:19:87:D2:C5,-102
BLE,1668191673708467335,53:08:19:87:D2:C5,-105
BLE,1668191677708313203,53:08:19:87:D2:C5,-101
BLE,1668191678564499435,53:08:19:87:D2:C5,-101
BLE,1668191679711933514,53:08:19:87:D2:C5,-100
BLE,1668191681715909613,53:08:19:87:D2:C5,-101
BLE,1668191682568414885,53:08:19:87:D2:C5,-104
BLE,1668191683428352201,53:08:19:87:D2:C5,-103
BLE,1668191684281965711,53:08:19:87:D2:C5,-101
BLE,1668191685137166162,53:08:19:87:D2:C5,-105
BLE,1668191685991673120,53:08:19:87:D2:C5,-104
BLE,1668191689139701668,53:08:19:87:D2:C5,-103
BLE,1668191690581709058,53:08:19:87:D2:C5,-102
BLE,1668191691728466853,53:08:19:87:D2:C5,-103
BLE,1668191692878342072,53:08:19:87:D2:C5,-104
BLE,1668191695172306574,53:08:19:87:D2:C5,-100
BLE,1668191695460356789,53:08:19:87:D2:C5,-101
BLE,1668191699738739892,53:08:19:87:D2:C5,-103
BLE,1668191700594947624,53:08:19:87:D2:C5,-103
BLE,1668191702034502666,53:08:19:87:D2:C5,-100
BLE,1668191703181231420,53:08:19:87:D2:C5,-101
BLE,1668191704915619478,53:08:19:87:D2:C5,-102
BLE,1668191706061064412,53:08:19:87:D2:C5,-100
BLE,1668191707499966128,53:08:19:87:D2:C5,-103
BLE,1668191711211811906,53:08:19:87:D2:C5,-102
BLE,1668191712358835239,53:08:19:87:D2:C5,-101
BLE,1668191714928090761,53:08:19:87:D2:C5,-102
BLE,1668191720078843129,53:08:19:87:D2:C5,-103
BLE,1668191723231863415,53:08:19:87:D2:C5,-102
BLE,1668191727817585816,53:08:19:87:D2:C5,-102
BLE,1668191728967393328,53:08:19:87:D2:C5,-106
BLE,1668191729259115004,53:08:19:87:D2:C5,-105
BLE,1668191730405105432,53:08:19:87:D2:C5,-102
BLE,1668191731259910554,53:08:19:87:D2:C5,-101
BLE,1668191732698859310,53:08:19:87:D2:C5,-104
BLE,1668191733849543604,53:08:19:87:D2:C5,-105
BLE,1668191735291298164,53:08:19:87:D2:C5,-103
BLE,1668191737290168985,53:08:19:87:D2:C5,-102
BLE,1668191740151392596,53:08:19:87:D2:C5,-106
BLE,1668191741007012125,53:08:19:87:D2:C5,-103
BLE,1668191745301436972,53:08:19:87:D2:C5,-103
BLE,1668191746446377328,53:08:19:87:D2:C5,-102
BLE,1668191747598289817,53:08:19:87:D2:C5,-103
BLE,1668191750455117809,53:08:19:87:D2:C5,-102
BLE,1668191751312683026,53:08:19:87:D2:C5,-101
BLE,1668191754168889899,53:08:19:87:D2:C5,-101
BLE,1668191765055461678,53:08:19:87:D2:C5,-103
BLE,1668191766160149387,53:08:19:87:D2:C5,-100
BLE,1668191767016202162,53:08:19:87:D2:C5,-100
BLE,1668191769018976982,53:08:19:87:D2:C5,-109
BLE,1668191775611356995,53:08:19:87:D2:C5,-105
BLE,1668191775878741809,53:08:19:87:D2:C5,-102
BLE,1668191777318966593,53:08:19:87:D2:C5,-100
BLE,1668191780448557091,53:08:19:87:D2:C5,-101
BLE,1668191783595307403,53:08:19:87:D2:C5,-100
BLE,1668191784162811343,53:08:19:87:D2:C5,-103
BLE,1668191785869204954,53:08:19:87:D2:C5,-103
BLE,1668191790462914603,53:08:19:87:D2:C5,-104
BLE,1668191793343735002,53:08:19:87:D2:C5,-101
BLE,1668191794194063755,53:08:19:87:D2:C5,-102
BLE,1668191795053746158,53:08:19:87:D2:C5,-103
BLE,1668191795632778098,53:08:19:87:D2:C5,-102
BLE,1668191799934509491,53:08:19:87:D2:C5,-101
BLE,1668191802500469506,53:08:19:87:D2:C5,-104
BLE,1668191802790889320,53:08:19:87:D2:C5,-104
BLE,1668191806793094830,53:08:19:87:D2:C5,-102
BLE,1668191808795605612,53:08:19:87:D2:C5,-101
BLE,1668191810799377713,53:08:19:87:D2:C5,-101
BLE,1668191813367365789,53:08:19:87:D2:C5,-103
BLE,1668191820251358104,53:08:19:87:D2:C5,-100
BLE,1668191822229377401,53:08:19:87:D2:C5,-101
BLE,1668191829699382580,53:08:19:87:D2:C5,-100
BLE,1668191830241851041,53:08:19:87:D2:C5,-103
BLE,1668191831385769158,53:08:19:87:D2:C5,-102
BLE,1668191834248190298,53:08:19:87:D2:C5,-102
BLE,1668191836836352615,53:08:19:87:D2:C5,-102
BLE,1668191840839413240,53:08:19:87:D2:C5,-101
BLE,1668191846895351644,53:08:19:87:D2:C5,-105
BLE,1668191849165685484,53:08:19:87:D2:C5,-101
BLE,1668191852311916760,53:08:19:87:D2:C5,-102
BLE,1668191852879251785,53:08:19:87:D2:C5,-102
BLE,1668191853168079908,53:08:19:87:D2:C5,-103
BLE,1668191855172699709,53:08:19:87:D2:C5,-104
BLE,1668191859760703002,53:08:19:87:D2:C5,-102
BLE,1668191861765355885,53:08:19:87:D2:C5,-101
BLE,1668191870383387596,53:08:19:87:D2:C5,-104
BLE,1668191871504557918,53:08:19:87:D2:C5,-104
BLE,1668191873218343824,53:08:19:87:D2:C5,-102
BLE,1668191876639115628,53:08:19:87:D2:C5,-103
BLE,1668191878637264832,53:08:19:87:D2:C5,-102
BLE,1668191882940513083,53:08:19:87:D2:C5,-104
BLE,1668191884085848185,53:08:19:87:D2:C5,-105
BLE,1668191884375761338,53:08:19:87:D2:C5,-101
BLE,1668191886941012903,53:08:19:87:D2:C5,-103
BLE,1668191888942354905,53:08:19:87:D2:C5,-102
BLE,1668191890384134131,53:08:19:87:D2:C5,-102
BLE,1668191891242718629,53:08:19:87:D2:C5,-102
BLE,1668191893240392212,53:08:19:87:D2:C5,-103
BLE,1668191896410123734,53:08:19:87:D2:C5,-108
BLE,1668191897272002737,53:08:19:87:D2:C5,-104
BLE,1668191899274793474,53:08:19:87:D2:C5,-103
BLE,1668191902419910845,53:08:19:87:D2:C5,-105
BLE,1668191904987291803,53:08:19:87:D2:C5,-104
BLE,1668191910411142966,53:08:19:87:D2:C5,-103
BLE,1668191911557858428,53:08:19:87:D2:C5,-102
BLE,1668191914997435361,53:08:19:87:D2:C5,-104
BLE,1668191918714946786,53:08:19:87:D2:C5,-102
BLE,1668191919862359241,53:08:19:87:D2:C5,-102
BLE,1668191921571286283,53:08:19:87:D2:C5,-103
BLE,1668191923283813370,53:08:19:87:D2:C5,-99
BLE,1668191924698626763,53:08:19:87:D2:C5,-102
BLE,1668191927574829420,53:08:19:87:D2:C5,-103
BLE,1668191928723511569,53:08:19:87:D2:C5,-102
BLE,1668191929580098047,53:08:19:87:D2:C5,-102
BLE,1668191933020730344,53:08:19:87:D2:C5,-104
BLE,1668191933879740629,53:08:19:87:D2:C5,-101
BLE,1668191935023230834,53:08:19:87:D2:C5,-101
BLE,1668191936172326186,53:08:19:87:D2:C5,-103
BLE,1668191937593208722,53:08:19:87:D2:C5,-104
BLE,1668191937882247968,53:08:19:87:D2:C5,-107
BLE,1668191939028671225,53:08:19:87:D2:C5,-104
BLE,1668191941889927419,53:08:19:87:D2:C5,-103
BLE,1668191943033567956,53:08:19:87:D2:C5,-103
BLE,1668191945041229973,53:08:19:87:D2:C5,-101
BLE,1668191948461274035,53:08:19:87:D2:C5,-104
BLE,1668191950750895958,53:08:19:87:D2:C5,-103
BLE,1668191951901969206,53:08:19:87:D2:C5,-103
BLE,1668191953048755501,53:08:19:87:D2:C5,-103
BLE,1668191955048753393,53:08:19:87:D2:C5,-105
BLE,1668191955906098820,53:08:19:87:D2:C5,-102
BLE,1668191956761278771,53:08:19:87:D2:C5,-106
BLE,1668191957616097476,53:08:19:87:D2:C5,-103
BLE,1668191961350855923,53:08:19:87:D2:C5,-104
BLE,1668191962501267761,53:08:19:87:D2:C5,-104
BLE,1668191966797748502,53:08:19:87:D2:C5,-102
BLE,1668191967944738503,53:08:19:87:D2:C5,-101
BLE,1668191972801519637,53:08:19:87:D2:C5,-104
BLE,1668191977396499522,53:08:19:87:D2:C5,-103
BLE,1668191978833937670,53:08:19:87:D2:C5,-103
BLE,1668191981693409716,53:08:19:87:D2:C5,-101
BLE,1668191983400241365,53:08:19:87:D2:C5,-104
BLE,1668191991435453176,53:08:19:87:D2:C5,-100
BLE,1668191992269506106,53:08:19:87:D2:C5,-101
BLE,1668191993417204182,53:08:19:87:D2:C5,-101
BLE,1668191993706542634,53:08:19:87:D2:C5,-104
BLE,1668191994856649392,53:08:19:87:D2:C5,-100
BLE,1668191996274049757,53:08:19:87:D2:C5,-101
BLE,1668191998004705606,53:08:19:87:D2:C5,-101
BLE,1668191998295734831,53:08:19:87:D2:C5,-102
BLE,1668191999154555451,53:08:19:87:D2:C5,-102
BLE,1668192002301528552,53:08:19:87:D2:C5,-102
BLE,1668192003450726695,53:08:19:87:D2:C5,-104
BLE,1668192004596723373,53:08:19:87:D2:C5,-104
BLE,1668192005455266455,53:08:19:87:D2:C5,-105
BLE,1668192005745281482,53:08:19:87:D2:C5,-102
BLE,1668192006600519432,53:08:19:87:D2:C5,-102
BLE,1668192007451693302,53:08:19:87:D2:C5,-102
BLE,1668192009459844064,53:08:19:87:D2:C5,-102
BLE,1668192009748332983,53:08:19:87:D2:C5,-102
BLE,1668192010605026042,53:08:19:87:D2:C5,-102
BLE,1668192011461734227,53:08:19:87:D2:C5,-103
BLE,1668192012313510673,53:08:19:87:D2:C5,-101
BLE,1668192013171740133,53:08:19:87:D2:C5,-102
BLE,1668192014026695211,53:08:19:87:D2:C5,-101
BLE,1668192015466806706,53:08:19:87:D2:C5,-101
BLE,1668192015755372915,53:08:19:87:D2:C5,-103
BLE,1668192016903550861,53:08:19:87:D2:C5,-103
BLE,1668192018054928814,53:08:19:87:D2:C5,-102
BLE,1668192018342261163,53:08:19:87:D2:C5,-101
BLE,1668192019198589101,53:08:19:87:D2:C5,-103
BLE,1668192021498007293,53:08:19:87:D2:C5,-100
BLE,1668192027843343147,53:08:19:87:D2:C5,-101
BLE,1668192028110243258,53:08:19:87:D2:C5,-105
BLE,1668192031531708971,53:08:19:87:D2:C5,-99
BLE,1668192031819883560,53:08:19:87:D2:C5,-103
BLE,1668192033826470922,53:08:19:87:D2:C5,-103
BLE,1668192034116161286,53:08:19:87:D2:C5,-105
BLE,1668192034973743295,53:08:19:87:D2:C5,-101
BLE,1668192037270629973,53:08:19:87:D2:C5,-102
BLE,1668192037557863280,53:08:19:87:D2:C5,-104
BLE,1668192038416740733,53:08:19:87:D2:C5,-103
BLE,1668192040146322802,53:08:19:87:D2:C5,-101
BLE,1668192041003810145,53:08:19:87:D2:C5,-104
BLE,1668192042440443218,53:08:19:87:D2:C5,-102
BLE,1668192043295356756,53:08:19:87:D2:C5,-100
BLE,1668192045300124346,53:08:19:87:D2:C5,-102
BLE,1668192046444966245,53:08:19:87:D2:C5,-102
BLE,1668192048451837021,53:08:19:87:D2:C5,-100
BLE,1668192049306854182,53:08:19:87:D2:C5,-102
BLE,1668192050454235553,53:08:19:87:D2:C5,-101
BLE,1668192051893255351,53:08:19:87:D2:C5,-100
BLE,1668192053042496786,53:08:19:87:D2:C5,-105
BLE,1668192054186543485,53:08:19:87:D2:C5,-103
BLE,1668192055041282440,53:08:19:87:D2:C5,-101
BLE,1668192055899451193,53:08:19:87:D2:C5,-103
BLE,1668192057046351819,53:08:19:87:D2:C5,-102
BLE,1668192061616557805,53:08:19:87:D2:C5,-103
BLE,1668192062763258517,53:08:19:87:D2:C5,-102
BLE,1668192064491899097,53:08:19:87:D2:C5,-100
BLE,1668192065936584333,53:08:19:87:D2:C5,-105
BLE,1668192068228936310,53:08:19:87:D2:C5,-104
BLE,1668192069373847500,53:08:19:87:D2:C5,-104
BLE,1668192070521276621,53:08:19:87:D2:C5,-102
BLE,1668192071942745317,53:08:19:87:D2:C5,-102
BLE,1668192073086251314,53:08:19:87:D2:C5,-103
BLE,1668192075089694793,53:08:19:87:D2:C5,-102
BLE,1668192075945847025,53:08:19:87:D2:C5,-102
BLE,1668192079680171560,53:08:19:87:D2:C5,-98
BLE,1668192081415802147,53:08:19:87:D2:C5,-102
BLE,1668192089447252082,53:08:19:87:D2:C5,-107
BLE,1668192090863323128,53:08:19:87:D2:C5,-103
BLE,1668192095702779158,53:08:19:87:D2:C5,-104
BLE,1668192098851076162,53:08:19:87:D2:C5,-102
BLE,1668192100561181150,53:08:19:87:D2:C5,-103
BLE,1668192103416759655,53:08:19:87:D2:C5,-102
BLE,1668192104274062708,53:08:19:87:D2:C5,-103
BLE,1668192104563997320,53:08:19:87:D2:C5,-101
BLE,1668192105984256237,53:08:19:87:D2:C5,-105
BLE,1668192109135495084,53:08:19:87:D2:C5,-103
BLE,1668192109424055585,53:08:19:87:D2:C5,-101
BLE,1668192110284225149,53:08:19:87:D2:C5,-103
BLE,1668192116851387643,53:08:19:87:D2:C5,-103
BLE,1668192117978256653,53:08:19:87:D2:C5,-105
BLE,1668192119978563792,53:08:19:87:D2:C5,-102
BLE,1668192120544111878,53:08:19:87:D2:C5,-102
BLE,1668192126549408913,53:08:19:87:D2:C5,-106
BLE,1668192127698594473,53:08:19:87:D2:C5,-102
BLE,1668192128551858403,53:08:19:87:D2:C5,-101
BLE,1668192131411034620,53:08:19:87:D2:C5,-101
BLE,1668192133414277018,53:08:19:87:D2:C5,-102
BLE,1668192133701680407,53:08:19:87:D2:C5,-101
BLE,1668192134559320248,53:08:19:87:D2:C5,-101
BLE,1668192140627327354,53:08:19:87:D2:C5,-101
BLE,1668192143155756359,53:08:19:87:D2:C5,-103
BLE,1668192143446280589,53:08:19:87:D2:C5,-103
BLE,1668192144597335546,53:08:19:87:D2:C5,-101
BLE,1668192152623276332,53:08:19:87:D2:C5,-101
BLE,1668192153463162532,53:08:19:87:D2:C5,-104
BLE,1668192153752341860,53:08:19:87:D2:C5,-102
BLE,1668192155461539192,53:08:19:87:D2:C5,-102
BLE,1668192156609257559,53:08:19:87:D2:C5,-103
BLE,1668192157757642962,53:08:19:87:D2:C5,-101
BLE,1668192158612442750,53:08:19:87:D2:C5,-104
BLE,1668192159578948954,70:F2:F5:12:6E:06,-102
BLE,1668192160729387334,70:F2:F5:12:6E:06,-104
BLE,1668192163606588147,70:F2:F5:12:6E:06,-106
BLE,1668192167615732582,70:F2:F5:12:6E:06,-102
BLE,1668192171913251228,70:F2:F5:12:6E:06,-100
BLE,1668192173620188918,70:F2:F5:12:6E:06,-102
BLE,1668192176182789469,70:F2:F5:12:6E:06,-105
BLE,1668192177330212007,70:F2:F5:12:6E:06,-103
BLE,1668192178771832860,70:F2:F5:12:6E:06,-103
BLE,1668192180480752528,70:F2:F5:12:6E:06,-92
BLE,1668192181924533857,70:F2:F5:12:6E:06,-102
BLE,1668192182776471968,70:F2:F5:12:6E:06,-102
BLE,1668192188516001838,70:F2:F5:12:6E:06,-102
BLE,1668192191082836928,70:F2:F5:12:6E:06,-105
BLE,1668192191937601050,70:F2:F5:12:6E:06,-104
BLE,1668192193081604708,70:F2:F5:12:6E:06,-103
BLE,1668192200823377820,70:F2:F5:12:6E:06,-102
BLE,1668192201655843434,70:F2:F5:12:6E:06,-102
BLE,1668192203950013642,70:F2:F5:12:6E:06,-104
BLE,1668192209979419666,70:F2:F5:12:6E:06,-102
BLE,1668192216303374293,70:F2:F5:12:6E:06,-104
BLE,1668192217427620039,70:F2:F5:12:6E:06,-104
BLE,1668192222874086749,70:F2:F5:12:6E:06,-105
BLE,1668192223726524563,70:F2:F5:12:6E:06,-105
BLE,1668192225730355080,70:F2:F5:12:6E:06,-101
BLE,1668192227736693320,70:F2:F5:12:6E:06,-102
BLE,1668192230030627113,70:F2:F5:12:6E:06,-100
BLE,1668192231178021609,70:F2:F5:12:6E:06,-103
BLE,1668192232032887397,70:F2:F5:12:6E:06,-103
BLE,1668192234323794265,70:F2:F5:12:6E:06,-105
BLE,1668192235179183297,70:F2:F5:12:6E:06,-102
BLE,1668192236036830721,70:F2:F5:12:6E:06,-105
BLE,1668192241484294336,70:F2:F5:12:6E:06,-103
BLE,1668192243778122964,70:F2:F5:12:6E:06,-100
BLE,1668192251539288700,70:F2:F5:12:6E:06,-103
BLE,1668192257526866260,70:F2:F5:12:6E:06,-105
BLE,1668192258673244851,70:F2:F5:12:6E:06,-106
BLE,1668192259524315138,70:F2:F5:12:6E:06,-102
BLE,1668192260381862938,70:F2:F5:12:6E:06,-104
BLE,1668192261236856600,70:F2:F5:12:6E:06,-102
BLE,1668192261801014326,70:F2:F5:12:6E:06,-102
BLE,1668192267516272876,70:F2:F5:12:6E:06,-103
BLE,1668192267806803481,70:F2:F5:12:6E:06,-103
BLE,1668192268370601253,70:F2:F5:12:6E:06,-104
BLE,1668192270936959597,70:F2:F5:12:6E:06,-103
BLE,1668192271793202537,70:F2:F5:12:6E:06,-100
BLE,1668192272643647747,70:F2:F5:12:6E:06,-105
BLE,1668192273502437159,70:F2:F5:12:6E:06,-102
BLE,1668192277799564060,70:F2:F5:12:6E:06,-102
BLE,1668192278652041999,70:F2:F5:12:6E:06,-102
BLE,1668192280091373335,70:F2:F5:12:6E:06,-104
BLE,1668192286683430476,70:F2:F5:12:6E:06,-102
BLE,1668192288372015906,70:F2:F5:12:6E:06,-102
BLE,1668192290377046660,70:F2:F5:12:6E:06,-102
BLE,1668192292379554525,70:F2:F5:12:6E:06,-102
BLE,1668192292668088068,70:F2:F5:12:6E:06,-102
BLE,1668192293231814049,70:F2:F5:12:6E:06,-105
BLE,1668192298094597118,70:F2:F5:12:6E:06,-104
BLE,1668192299532916923,70:F2:F5:12:6E:06,-104
BLE,1668192299823062366,70:F2:F5:12:6E:06,-105
BLE,1668192303265649309,70:F2:F5:12:6E:06,-102
BLE,1668192304705375265,70:F2:F5:12:6E:06,-104
BLE,1668192305561647705,70:F2:F5:12:6E:06,-101
BLE,1668192306125637391,70:F2:F5:12:6E:06,-103
BLE,1668192306416456326,70:F2:F5:12:6E:06,-102
BLE,1668192307272753765,70:F2:F5:12:6E:06,-101
BLE,1668192310133289134,70:F2:F5:12:6E:06,-101
BLE,1668192310986994892,70:F2:F5:12:6E:06,-103
BLE,1668192312698454533,70:F2:F5:12:6E:06,-101
BLE,1668192313548196001,70:F2:F5:12:6E:06,-99
BLE,1668192315550913322,70:F2:F5:12:6E:06,-103
BLE,1668192317264795436,70:F2:F5:12:6E:06,-104
BLE,1668192317555248917,70:F2:F5:12:6E:06,-104
BLE,1668192318120831752,70:F2:F5:12:6E:06,-103
BLE,1668192320414828129,70:F2:F5:12:6E:06,-102
BLE,1668192323002356702,70:F2:F5:12:6E:06,-102
BLE,1668192323293369677,70:F2:F5:12:6E:06,-105
BLE,1668192324440588175,70:F2:F5:12:6E:06,-103
BLE,1668192326148583769,70:F2:F5:12:6E:06,-103
BLE,1668192327006714397,70:F2:F5:12:6E:06,-101
BLE,1668192329302373630,70:F2:F5:12:6E:06,-102
BLE,1668192331008626493,70:F2:F5:12:6E:06,-102
BLE,1668192336726190434,70:F2:F5:12:6E:06,-105
BLE,1668192339293544976,70:F2:F5:12:6E:06,-103
BLE,1668192345635343160,70:F2:F5:12:6E:06,-102
BLE,1668192347906271369,70:F2:F5:12:6E:06,-100
BLE,1668192350474900064,70:F2:F5:12:6E:06,-105
BLE,1668192351331033672,70:F2:F5:12:6E:06,-101
BLE,1668192353330003825,70:F2:F5:12:6E:06,-101
BLE,1668192354477289822,70:F2:F5:12:6E:06,-101
BLE,1668192355043689649,70:F2:F5:12:6E:06,-102
BLE,1668192357042479387,70:F2:F5:12:6E:06,-103
BLE,1668192357608728883,70:F2:F5:12:6E:06,-102
BLE,1668192358463500338,70:F2:F5:12:6E:06,-103
BLE,1668192361028759778,70:F2:F5:12:6E:06,-102
BLE,1668192363613122427,70:F2:F5:12:6E:06,-102
BLE,1668192367912032559,70:F2:F5:12:6E:06,-102
BLE,1668192368487337331,70:F2:F5:12:6E:06,-107
BLE,1668192369350704819,70:F2:F5:12:6E:06,-104
BLE,1668192370498852390,70:F2:F5:12:6E:06,-106
BLE,1668192374798784260,70:F2:F5:12:6E:06,-102
BLE,1668192375655073033,70:F2:F5:12:6E:06,-103
BLE,1668192375946296047,70:F2:F5:12:6E:06,-101
BLE,1668192376235618457,70:F2:F5:12:6E:06,-103
BLE,1668192380245111971,70:F2:F5:12:6E:06,-101
BLE,1668192382828759087,70:F2:F5:12:6E:06,-102
BLE,1668192383683558208,70:F2:F5:12:6E:06,-105
BLE,1668192389131309029,70:F2:F5:12:6E:06,-102
BLE,1668192390278283071,70:F2:F5:12:6E:06,-104
BLE,1668192391422206230,70:F2:F5:12:6E:06,-102
BLE,1668192392278292046,70:F2:F5:12:6E:06,-102
BLE,1668192393429554501,70:F2:F5:12:6E:06,-100
BLE,1668192396283479732,70:F2:F5:12:6E:06,-101
BLE,1668192397142529516,70:F2:F5:12:6E:06,-103
BLE,1668192398290141343,70:F2:F5:12:6E:06,-104
BLE,1668192398581219401,70:F2:F5:12:6E:06,-103
BLE,1668192400022603590,70:F2:F5:12:6E:06,-102
BLE,1668192400312466077,70:F2:F5:12:6E:06,-102
BLE,1668192400603637925,70:F2:F5:12:6E:06,-102
BLE,1668192403170147018,70:F2:F5:12:6E:06,-104
BLE,1668192405466522451,70:F2:F5:12:6E:06,-103
BLE,1668192408614091129,70:F2:F5:12:6E:06,-104
BLE,1668192412327332725,70:F2:F5:12:6E:06,-102
BLE,1668192414620343570,70:F2:F5:12:6E:06,-102
BLE,1668192415769032469,70:F2:F5:12:6E:06,-105
BLE,1668192420068493761,70:F2:F5:12:6E:06,-102
BLE,1668192421510338862,70:F2:F5:12:6E:06,-103
BLE,1668192424367859013,70:F2:F5:12:6E:06,-101
BLE,1668192424655378234,70:F2:F5:12:6E:06,-100
BLE,1668192426370319920,70:F2:F5:12:6E:06,-102
BLE,1668192426658305302,70:F2:F5:12:6E:06,-103
BLE,1668192427517878039,70:F2:F5:12:6E:06,-101
BLE,1668192428665206453,70:F2:F5:12:6E:06,-101
BLE,1668192429518004596,70:F2:F5:12:6E:06,-103
BLE,1668192430958516794,70:F2:F5:12:6E:06,-103
BLE,1668192433814300922,70:F2:F5:12:6E:06,-105
BLE,1668192435527136381,70:F2:F5:12:6E:06,-104
BLE,1668192439553009760,70:F2:F5:12:6E:06,-105
BLE,1668192442138007278,70:F2:F5:12:6E:06,-103
BLE,1668192444437322054,70:F2:F5:12:6E:06,-102
BLE,1668192446436800702,70:F2:F5:12:6E:06,-105
BLE,1668192448168073128,70:F2:F5:12:6E:06,-103
BLE,1668192450469381883,70:F2:F5:12:6E:06,-108
BLE,1668192453909914056,70:F2:F5:12:6E:06,-103
BLE,1668192457080049073,70:F2:F5:12:6E:06,-103
BLE,1668192457937890287,70:F2:F5:12:6E:06,-102
BLE,1668192459646921412,70:F2:F5:12:6E:06,-101
BLE,1668192461359474748,70:F2:F5:12:6E:06,-105
BLE,1668192467971406841,70:F2:F5:12:6E:06,-102
BLE,1668192469390493147,70:F2:F5:12:6E:06,-104
BLE,1668192470830654432,70:F2:F5:12:6E:06,-103
BLE,1668192473976439379,70:F2:F5:12:6E:06,-108
BLE,1668192474831446624,70:F2:F5:12:6E:06,-103
BLE,1668192475691784644,70:F2:F5:12:6E:06,-102
BLE,1668192478569012040,70:F2:F5:12:6E:06,-103
BLE,1668192480572747892,70:F2:F5:12:6E:06,-102
BLE,1668192481720711090,70:F2:F5:12:6E:06,-102
BLE,1668192483430918827,70:F2:F5:12:6E:06,-102
BLE,1668192484870509577,70:F2:F5:12:6E:06,-101
BLE,1668192487750133155,70:F2:F5:12:6E:06,-105
BLE,1668192488606207138,70:F2:F5:12:6E:06,-105
BLE,1668192490604397175,70:F2:F5:12:6E:06,-101
BLE,1668192498075376010,70:F2:F5:12:6E:06,-103
BLE,1668192500909623830,70:F2:F5:12:6E:06,-103
BLE,1668192510095533477,70:F2:F5:12:6E:06,-102
BLE,1668192511217363333,70:F2:F5:12:6E:06,-101
BLE,1668192512654775190,70:F2:F5:12:6E:06,-103
BLE,1668192514928499410,70:F2:F5:12:6E:06,-103
BLE,1668192516638518441,70:F2:F5:12:6E:06,-100
BLE,1668192521498612664,70:F2:F5:12:6E:06,-105
BLE,1668192522063850421,70:F2:F5:12:6E:06,-104
BLE,1668192523209635101,70:F2:F5:12:6E:06,-105
BLE,1668192524067813270,70:F2:F5:12:6E:06,-100
BLE,1668192526064739445,70:F2:F5:12:6E:06,-104
BLE,1668192530362328549,70:F2:F5:12:6E:06,-101
BLE,1668192531220295886,70:F2:F5:12:6E:06,-102
BLE,1668192532365197534,70:F2:F5:12:6E:06,-101
BLE,1668192534077851078,70:F2:F5:12:6E:06,-101
BLE,1668192536078610129,70:F2:F5:12:6E:06,-100
BLE,1668192537498655007,70:F2:F5:12:6E:06,-105
BLE,1668192543507345088,70:F2:F5:12:6E:06,-87
BLE,1668192544649937553,70:F2:F5:12:6E:06,-104
BLE,1668192545509701080,70:F2:F5:12:6E:06,-102
BLE,1668192550097302669,70:F2:F5:12:6E:06,-103
BLE,1668192552953554292,70:F2:F5:12:6E:06,-102
BLE,1668192554103008891,70:F2:F5:12:6E:06,-101
BLE,1668192559254846040,70:F2:F5:12:6E:06,-102
BLE,1668192562969817825,70:F2:F5:12:6E:06,-102
BLE,1668192564114965013,70:F2:F5:12:6E:06,-100
BLE,1668192567560593256,70:F2:F5:12:6E:06,-102
BLE,1668192567850596783,70:F2:F5:12:6E:06,-101
BLE,1668192568704782245,70:F2:F5:12:6E:06,-101
BLE,1668192569850949629,70:F2:F5:12:6E:06,-102
BLE,1668192572983681385,70:F2:F5:12:6E:06,-102
BLE,1668192574420812828,70:F2:F5:12:6E:06,-103
BLE,1668192579279920478,70:F2:F5:12:6E:06,-102
BLE,1668192581576205288,70:F2:F5:12:6E:06,-101
BLE,1668192582428744767,70:F2:F5:12:6E:06,-102
BLE,1668192582994804890,70:F2:F5:12:6E:06,-102
BLE,1668192583849855843,70:F2:F5:12:6E:06,-103
BLE,1668192588146498790,70:F2:F5:12:6E:06,-105
BLE,1668192589854691007,70:F2:F5:12:6E:06,-100
BLE,1668192591293381684,70:F2:F5:12:6E:06,-100
BLE,1668192596158885723,70:F2:F5:12:6E:06,-103
BLE,1668192597302018016,70:F2:F5:12:6E:06,-102
BLE,1668192604191391272,70:F2:F5:12:6E:06,-103
BLE,1668192605315823850,70:F2:F5:12:6E:06,-102
BLE,1668192605605102427,70:F2:F5:12:6E:06,-103
BLE,1668192607612134951,70:F2:F5:12:6E:06,-100
BLE,1668192611054702936,70:F2:F5:12:6E:06,-103
BLE,1668192615058991423,70:F2:F5:12:6E:06,-101
BLE,1668192616201537097,70:F2:F5:12:6E:06,-103
BLE,1668192619353340645,70:F2:F5:12:6E:06,-104
BLE,1668192620210109538,70:F2:F5:12:6E:06,-104
BLE,1668192621652158011,70:F2:F5:12:6E:06,-104
BLE,1668192623086644108,70:F2:F5:12:6E:06,-104
BLE,1668192623946311177,70:F2:F5:12:6E:06,-102
BLE,1668192624233838564,70:F2:F5:12:6E:06,-102
BLE,1668192625094633038,70:F2:F5:12:6E:06,-105
BLE,1668192627093026989,70:F2:F5:12:6E:06,-104
BLE,1668192633101695529,70:F2:F5:12:6E:06,-105
BLE,1668192633960404984,70:F2:F5:12:6E:06,-101
BLE,1668192635101637130,70:F2:F5:12:6E:06,-107
BLE,1668192637108610196,70:F2:F5:12:6E:06,-103
BLE,1668192640822948072,70:F2:F5:12:6E:06,-102
BLE,1668192642825671393,70:F2:F5:12:6E:06,-104
BLE,1668192643116531036,70:F2:F5:12:6E:06,-102
BLE,1668192643972755267,70:F2:F5:12:6E:06,-102
BLE,1668192644825967740,70:F2:F5:12:6E:06,-103
BLE,1668192645115402815,70:F2:F5:12:6E:06,-101
BLE,1668192647121590223,70:F2:F5:12:6E:06,-100
BLE,1668192647975401189,70:F2:F5:12:6E:06,-101
BLE,1668192648831426131,70:F2:F5:12:6E:06,-102
BLE,1668192651979018600,70:F2:F5:12:6E:06,-103
BLE,1668192658887382360,70:F2:F5:12:6E:06,-102
BLE,1668192660011510191,70:F2:F5:12:6E:06,-102
BLE,1668192661161644699,70:F2:F5:12:6E:06,-104
BLE,1668192662307864375,70:F2:F5:12:6E:06,-103
BLE,1668192664310452905,70:F2:F5:12:6E:06,-89
BLE,1668192664601241883,70:F2:F5:12:6E:06,-102
BLE,1668192670046775185,70:F2:F5:12:6E:06,-102
BLE,1668192671195373585,70:F2:F5:12:6E:06,-104
BLE,1668192672343808570,70:F2:F5:12:6E:06,-104
BLE,1668192674613151296,70:F2:F5:12:6E:06,-105
BLE,1668192677765657712,70:F2:F5:12:6E:06,-103
BLE,1668192681747702399,70:F2:F5:12:6E:06,-105
BLE,1668192691223381950,70:F2:F5:12:6E:06,-101
BLE,1668192692345135682,70:F2:F5:12:6E:06,-99
BLE,1668192693198854733,70:F2:F5:12:6E:06,-104
BLE,1668192694346896222,70:F2:F5:12:6E:06,-103
BLE,1668192695205075182,70:F2:F5:12:6E:06,-104
BLE,1668192698037083901,70:F2:F5:12:6E:06,-101
BLE,1668192708047423748,70:F2:F5:12:6E:06,-101
BLE,1668192710594578175,70:F2:F5:12:6E:06,-101
BLE,1668192715161404990,70:F2:F5:12:6E:06,-102
BLE,1668192717165149133,70:F2:F5:12:6E:06,-101
BLE,1668192719167093170,70:F2:F5:12:6E:06,-104
BLE,1668192720018557245,70:F2:F5:12:6E:06,-103
BLE,1668192722608491418,70:F2:F5:12:6E:06,-103
BLE,1668192724902219588,70:F2:F5:12:6E:06,-104
BLE,1668192725758350654,70:F2:F5:12:6E:06,-100
BLE,1668192728887099536,70:F2:F5:12:6E:06,-100
BLE,1668192732889146880,70:F2:F5:12:6E:06,-103
BLE,1668192733748275497,70:F2:F5:12:6E:06,-100
BLE,1668192735184549241,70:F2:F5:12:6E:06,-102
BLE,1668192736042088750,70:F2:F5:12:6E:06,-101
BLE,1668192737752163280,70:F2:F5:12:6E:06,-102
BLE,1668192738607850018,70:F2:F5:12:6E:06,-103
BLE,1668192740047107104,70:F2:F5:12:6E:06,-103
BLE,1668192745201065480,70:F2:F5:12:6E:06,-101
BLE,1668192747494306322,70:F2:F5:12:6E:06,-102
BLE,1668192748644611370,70:F2:F5:12:6E:06,-104
BLE,1668192748934587857,70:F2:F5:12:6E:06,-102
BLE,1668192752354335755,70:F2:F5:12:6E:06,-102
BLE,1668192753792183398,70:F2:F5:12:6E:06,-102
BLE,1668192760411441704,70:F2:F5:12:6E:06,-102
BLE,1668192760952120976,70:F2:F5:12:6E:06,-104
BLE,1668192761240323523,70:F2:F5:12:6E:06,-102
BLE,1668192762660585607,70:F2:F5:12:6E:06,-104
BLE,1668192762949708727,70:F2:F5:12:6E:06,-99
BLE,1668192764382755465,70:F2:F5:12:6E:06,-107
BLE,1668192764956052551,70:F2:F5:12:6E:06,-104
BLE,1668192765822619878,70:F2:F5:12:6E:06,-105
BLE,1668192767834482392,70:F2:F5:12:6E:06,-104
BLE,1668192768692197815,70:F2:F5:12:6E:06,-100
BLE,1668192773864954237,70:F2:F5:12:6E:06,-104
BLE,1668192774154770975,70:F2:F5:12:6E:06,-102
BLE,1668192775301615144,70:F2:F5:12:6E:06,-103
BLE,1668192780752454681,70:F2:F5:12:6E:06,-106
BLE,1668192783898845122,70:F2:F5:12:6E:06,-102
BLE,1668192788762529264,70:F2:F5:12:6E:06,-104
BLE,1668192789618122044,70:F2:F5:12:6E:06,-101
BLE,1668192790762627197,70:F2:F5:12:6E:06,-101
BLE,1668192795643840733,70:F2:F5:12:6E:06,-103
BLE,1668192799357612990,70:F2:F5:12:6E:06,-103
BLE,1668192800214893418,70:F2:F5:12:6E:06,-103
BLE,1668192802217544990,70:F2:F5:12:6E:06,-104
BLE,1668192804220086979,70:F2:F5:12:6E:06,-101
BLE,1668192805657674417,70:F2:F5:12:6E:06,-102
BLE,1668192806803796844,70:F2:F5:12:6E:06,-103
BLE,1668192808249000575,70:F2:F5:12:6E:06,-103
BLE,1668192808537517868,70:F2:F5:12:6E:06,-102
BLE,1668192813981419814,70:F2:F5:12:6E:06,-102
BLE,1668192817145703394,70:F2:F5:12:6E:06,-105
BLE,1668192819722694832,70:F2:F5:12:6E:06,-100
BLE,1668192820579130894,70:F2:F5:12:6E:06,-100
BLE,1668192829195462831,70:F2:F5:12:6E:06,-103
BLE,1668192831466056836,70:F2:F5:12:6E:06,-102
BLE,1668192832615143064,70:F2:F5:12:6E:06,-107
BLE,1668192833469990185,70:F2:F5:12:6E:06,-107
BLE,1668192834888950825,70:F2:F5:12:6E:06,-103
BLE,1668192836886528118,70:F2:F5:12:6E:06,-105
BLE,1668192838036258130,70:F2:F5:12:6E:06,-101
BLE,1668192840037698215,70:F2:F5:12:6E:06,-102
BLE,1668192841186378364,70:F2:F5:12:6E:06,-105
BLE,1668192842897562466,70:F2:F5:12:6E:06,-103
BLE,1668192843187715741,70:F2:F5:12:6E:06,-100
BLE,1668192844338955071,70:F2:F5:12:6E:06,-104
BLE,1668192845776070389,70:F2:F5:12:6E:06,-101
BLE,1668192846629621941,70:F2:F5:12:6E:06,-101
BLE,1668192847487113659,70:F2:F5:12:6E:06,-102
BLE,1668192848338645941,70:F2:F5:12:6E:06,-101
BLE,1668192850052261808,70:F2:F5:12:6E:06,-103
BLE,1668192850909048825,70:F2:F5:12:6E:06,-102
BLE,1668192853762959974,70:F2:F5:12:6E:06,-102
BLE,1668192856331655084,70:F2:F5:12:6E:06,-100
BLE,1668192860894974604,70:F2:F5:12:6E:06,-101
BLE,1668192869199427250,70:F2:F5:12:6E:06,-103
BLE,1668192871180610262,70:F2:F5:12:6E:06,-101
BLE,1668192871469669008,70:F2:F5:12:6E:06,-103
BLE,1668192872330124402,70:F2:F5:12:6E:06,-105
BLE,1668192873473104238,70:F2:F5:12:6E:06,-101
BLE,1668192875454356083,70:F2:F5:12:6E:06,-105
BLE,1668192876309195329,70:F2:F5:12:6E:06,-103
BLE,1668192877728166552,70:F2:F5:12:6E:06,-103
BLE,1668192879436910805,70:F2:F5:12:6E:06,-101
BLE,1668192882295656443,70:F2:F5:12:6E:06,-105
BLE,1668192883710599335,70:F2:F5:12:6E:06,-103
BLE,1668192886864949314,70:F2:F5:12:6E:06,-104
BLE,1668192887154193975,70:F2:F5:12:6E:06,-107
BLE,1668192889449384630,70:F2:F5:12:6E:06,-101
BLE,1668192891453167855,70:F2:F5:12:6E:06,-103
BLE,1668192894308198450,70:F2:F5:12:6E:06,-102
BLE,1668192898877556154,70:F2:F5:12:6E:06,-102
BLE,1668192902321948702,70:F2:F5:12:6E:06,-101
BLE,1668192903468077503,70:F2:F5:12:6E:06,-102
BLE,1668192903758777940,70:F2:F5:12:6E:06,-104
BLE,1668192904612044662,70:F2:F5:12:6E:06,-104
BLE,1668192905469261257,70:F2:F5:12:6E:06,-103
BLE,1668192907471896412,70:F2:F5:12:6E:06,-101
BLE,1668192919535455700,70:F2:F5:12:6E:06,-103
BLE,1668192919801840484,70:F2:F5:12:6E:06,-100
BLE,1668192924685715908,70:F2:F5:12:6E:06,-101
BLE,1668192926685629259,70:F2:F5:12:6E:06,-103
BLE,1668192927835226523,70:F2:F5:12:6E:06,-106
BLE,1668192928982911016,70:F2:F5:12:6E:06,-104
BLE,1668192929273922532,70:F2:F5:12:6E:06,-101
BLE,1668192930127659499,70:F2:F5:12:6E:06,-101
BLE,1668192932133237372,70:F2:F5:12:6E:06,-106
BLE,1668192939307395963,70:F2:F5:12:6E:06,-102
BLE,1668192943563478599,70:F2:F5:12:6E:06,-102
BLE,1668192944420909859,70:F2:F5:12:6E:06,-101
BLE,1668192946423354308,70:F2:F5:12:6E:06,-102
BLE,1668192948421756842,70:F2:F5:12:6E:06,-102
BLE,1668192949277252915,70:F2:F5:12:6E:06,-103
BLE,1668192950134648300,70:F2:F5:12:6E:06,-104
BLE,1668192950990788574,70:F2:F5:12:6E:06,-101
BLE,1668192955602635776,70:F2:F5:12:6E:06,-102
BLE,1668192957313486215,70:F2:F5:12:6E:06,-106
BLE,1668192959018680381,70:F2:F5:12:6E:06,-104
BLE,1668192960728628288,70:F2:F5:12:6E:06,-103
BLE,1668192961587165078,70:F2:F5:12:6E:06,-102
BLE,1668192962736047891,70:F2:F5:12:6E:06,-105
BLE,1668192963315954447,70:F2:F5:12:6E:06,-99
BLE,1668192964463984228,70:F2:F5:12:6E:06,-103
BLE,1668192965029908144,70:F2:F5:12:6E:06,-104
BLE,1668192965882288708,70:F2:F5:12:6E:06,-101
BLE,1668192970474923452,70:F2:F5:12:6E:06,-105
BLE,1668192974769886376,70:F2:F5:12:6E:06,-104
BLE,1668192979363604483,70:F2:F5:12:6E:06,-103
BLE,1668192980511030062,70:F2:F5:12:6E:06,-103
BLE,1668192980800981715,70:F2:F5:12:6E:06,-101
BLE,1668192983076752205,70:F2:F5:12:6E:06,-101
BLE,1668192983930275591,70:F2:F5:12:6E:06,-101
BLE,1668192988496287081,70:F2:F5:12:6E:06,-104
BLE,1668192989938763883,70:F2:F5:12:6E:06,-101
BLE,1668192993381255576,70:F2:F5:12:6E:06,-101
BLE,1668192993672198010,70:F2:F5:12:6E:06,-102
BLE,1668192994523660876,70:F2:F5:12:6E:06,-102
BLE,1668192995383463278,70:F2:F5:12:6E:06,-99
BLE,1668192995673490555,70:F2:F5:12:6E:06,-103
BLE,1668192999676976801,70:F2:F5:12:6E:06,-102
BLE,1668193004537470228,70:F2:F5:12:6E:06,-104
BLE,1668193006832436052,70:F2:F5:12:6E:06,-103
BLE,1668193007981185617,70:F2:F5:12:6E:06,-102
BLE,1668193009986182329,70:F2:F5:12:6E:06,-105
BLE,1668193014282454989,70:F2:F5:12:6E:06,-101
BLE,1668193015137305152,70:F2:F5:12:6E:06,-101
BLE,1668193017141234418,70:F2:F5:12:6E:06,-100
BLE,1668193029199214142,70:F2:F5:12:6E:06,-101
BLE,1668193032599658290,70:F2:F5:12:6E:06,-102
BLE,1668193034035137918,70:F2:F5:12:6E:06,-104
BLE,1668193039189026128,70:F2:F5:12:6E:06,-103
BLE,1668193040902682203,70:F2:F5:12:6E:06,-104
BLE,1668193041192184235,70:F2:F5:12:6E:06,-104
BLE,1668193049223378465,70:F2:F5:12:6E:06,-102
BLE,1668193055255333253,70:F2:F5:12:6E:06,-104
BLE,1668193056383384625,70:F2:F5:12:6E:06,-100
BLE,1668193062432897390,6E:D8:B6:D7:92:50,-101
BLE,1668193063580873505,6E:D8:B6:D7:92:50,-103
BLE,1668193065022878145,6E:D8:B6:D7:92:50,-102
BLE,1668193066167925542,6E:D8:B6:D7:92:50,-102
BLE,1668193069022951720,6E:D8:B6:D7:92:50,-101
BLE,1668193070462961673,6E:D8:B6:D7:92:50,-103
BLE,1668193073029755097,6E:D8:B6:D7:92:50,-102
BLE,1668193074177952459,6E:D8:B6:D7:92:50,-102
BLE,1668193075324296883,6E:D8:B6:D7:92:50,-103
BLE,1668193076184178659,6E:D8:B6:D7:92:50,-102
BLE,1668193076472794618,6E:D8:B6:D7:92:50,-104
BLE,1668193077326770082,6E:D8:B6:D7:92:50,-101
BLE,1668193080186885496,6E:D8:B6:D7:92:50,-102
BLE,1668193081897928349,6E:D8:B6:D7:92:50,-103
BLE,1668193083046724872,6E:D8:B6:D7:92:50,-102
BLE,1668193085049398485,6E:D8:B6:D7:92:50,-100
BLE,1668193085900320315,6E:D8:B6:D7:92:50,-104
BLE,1668193086757998031,6E:D8:B6:D7:92:50,-102
BLE,1668193087047269566,6E:D8:B6:D7:92:50,-104
BLE,1668193091637992289,6E:D8:B6:D7:92:50,-102
BLE,1668193095371627331,6E:D8:B6:D7:92:50,-104
BLE,1668193096227841604,6E:D8:B6:D7:92:50,-103
BLE,1668193097938855333,6E:D8:B6:D7:92:50,-103
BLE,1668193098228640779,6E:D8:B6:D7:92:50,-102
BLE,1668193102236731850,6E:D8:B6:D7:92:50,-101
BLE,1668193103382815027,6E:D8:B6:D7:92:50,-103
BLE,1668193104801774667,6E:D8:B6:D7:92:50,-104
BLE,1668193105366579970,6E:D8:B6:D7:92:50,-101
BLE,1668193114275461615,6E:D8:B6:D7:92:50,-102
BLE,1668193115689359060,6E:D8:B6:D7:92:50,-105
BLE,1668193123411422303,6E:D8:B6:D7:92:50,-101
BLE,1668193124825795076,6E:D8:B6:D7:92:50,-101
BLE,1668193128272813595,6E:D8:B6:D7:92:50,-102
BLE,1668193128559329994,6E:D8:B6:D7:92:50,-103
BLE,1668193129417046959,6E:D8:B6:D7:92:50,-102
BLE,1668193136591344840,6E:D8:B6:D7:92:50,-102
BLE,1668193137134616125,6E:D8:B6:D7:92:50,-101
BLE,1668193137990843732,6E:D8:B6:D7:92:50,-106
BLE,1668193139989523430,6E:D8:B6:D7:92:50,-102
BLE,1668193143437026069,6E:D8:B6:D7:92:50,-101
BLE,1668193150947345187,6E:D8:B6:D7:92:50,-102
BLE,1668193152932067369,6E:D8:B6:D7:92:50,-103
BLE,1668193154078514459,6E:D8:B6:D7:92:50,-103
BLE,1668193154368866316,6E:D8:B6:D7:92:50,-104
BLE,1668193155811621865,6E:D8:B6:D7:92:50,-102
BLE,1668193158372230980,6E:D8:B6:D7:92:50,-106
BLE,1668193161797253821,6E:D8:B6:D7:92:50,-104
BLE,1668193162084591377,6E:D8:B6:D7:92:50,-100
BLE,1668193162653580385,6E:D8:B6:D7:92:50,-101
BLE,1668193162939557331,6E:D8:B6:D7:92:50,-100
BLE,1668193164380155528,6E:D8:B6:D7:92:50,-100
BLE,1668193165236593424,6E:D8:B6:D7:92:50,-101
BLE,1668193167242256004,6E:D8:B6:D7:92:50,-106
BLE,1668193169534781063,6E:D8:B6:D7:92:50,-101
BLE,1668193170684633491,6E:D8:B6:D7:92:50,-102
BLE,1668193177839397416,6E:D8:B6:D7:92:50,-101
BLE,1668193178670909915,6E:D8:B6:D7:92:50,-102
BLE,1668193179820883259,6E:D8:B6:D7:92:50,-102
BLE,1668193181821014816,6E:D8:B6:D7:92:50,-105
BLE,1668193184388014236,6E:D8:B6:D7:92:50,-101
BLE,1668193189828421928,6E:D8:B6:D7:92:50,-102
BLE,1668193197011439922,6E:D8:B6:D7:92:50,-101
BLE,1668193198987305742,6E:D8:B6:D7:92:50,-101
BLE,1668193203581139181,6E:D8:B6:D7:92:50,-101